{"version": "1", "message": "ERROR: Hidden Testcases server unreachable.", "problem_id": "ads2_m4_a1_1", "user_id": "ChaitanyaPuritipati", "score": {"sample": {"0": {"execution_time": 0.504610538482666, "passed": true}, "1": {"execution_time": 0.45684003829956055, "passed": true}, "2": {"execution_time": 0.5325777530670166, "passed": false}, "3": {"execution_time": 0.5634572505950928, "passed": false}, "4": {"execution_time": 0.47373414039611816, "passed": false}, "5": {"execution_time": 0.40392327308654785, "passed": false}, "6": {"execution_time": 0.5240917205810547, "passed": false}, "7": {"execution_time": 0.4366641044616699, "passed": true}, "8": {"execution_time": 0.4676218032836914, "passed": true}, "9": {"execution_time": 0.5745534896850586, "passed": false}, "10": {"execution_time": 0.5993623733520508, "passed": false}, "11": {"execution_time": 0.41289854049682617, "passed": true}, "12": {"execution_time": 0.48375558853149414, "passed": true}, "13": {"execution_time": 1.8003697395324707, "passed": false}, "14": {"execution_time": 0.5345721244812012, "passed": false}}}, "check_style_score": "0/1"}