{"version": "1", "message": "ERROR: Hidden Testcases server unreachable.", "problem_id": "ads2_m4_a1_1", "user_id": "ChaitanyaPuritipati", "score": {"sample": {"0": {"execution_time": 0.749021053314209, "passed": true}, "1": {"execution_time": 0.5854878425598145, "passed": true}, "2": {"execution_time": 0.5605435371398926, "passed": false}, "3": {"execution_time": 0.9047620296478271, "passed": false}, "4": {"execution_time": 0.5049395561218262, "passed": false}, "5": {"execution_time": 0.6402482986450195, "passed": false}, "6": {"execution_time": 0.5435481071472168, "passed": false}, "7": {"execution_time": 0.6552519798278809, "passed": true}, "8": {"execution_time": 0.4487950801849365, "passed": true}, "9": {"execution_time": 0.6372864246368408, "passed": false}, "10": {"execution_time": 0.4966745376586914, "passed": false}, "11": {"execution_time": 0.6313602924346924, "passed": true}, "12": {"execution_time": 0.46874356269836426, "passed": true}, "13": {"execution_time": 2.289883852005005, "passed": false}, "14": {"execution_time": 0.5398528575897217, "passed": false}}}, "check_style_score": "0/1"}