{"version": "1", "message": "ERROR: Hidden Testcases server unreachable.", "problem_id": "ads2_m4_a1_1", "user_id": "ChaitanyaPuritipati", "score": {"sample": {"0": {"execution_time": 0.32912230491638184, "passed": true}, "1": {"execution_time": 0.25032520294189453, "passed": false}, "2": {"execution_time": 0.34700894355773926, "passed": false}, "3": {"execution_time": 0.34801721572875977, "passed": false}, "4": {"execution_time": 0.24534392356872559, "passed": false}, "5": {"execution_time": 0.2848036289215088, "passed": false}, "6": {"execution_time": 0.37799954414367676, "passed": false}, "7": {"execution_time": 0.37299394607543945, "passed": false}, "8": {"execution_time": 0.3340733051300049, "passed": true}, "9": {"execution_time": 0.3660273551940918, "passed": false}, "10": {"execution_time": 0.40387678146362305, "passed": false}, "11": {"execution_time": 0.32409024238586426, "passed": true}, "12": {"execution_time": 0.30121350288391113, "passed": true}, "13": {"execution_time": 1.2246882915496826, "passed": false}, "14": {"execution_time": 0.5086357593536377, "passed": false}}}, "check_style_score": "0/1"}