{"version": "1", "message": "ERROR: Hidden Testcases server unreachable.", "problem_id": "ads2_m4_a1_1", "user_id": "ChaitanyaPuritipati", "score": {"sample": {"0": {"execution_time": 0.5624973773956299, "passed": true}, "1": {"execution_time": 0.5615386962890625, "passed": false}, "2": {"execution_time": 0.6492679119110107, "passed": false}, "3": {"execution_time": 0.5026583671569824, "passed": false}, "4": {"execution_time": 0.5026049613952637, "passed": false}, "5": {"execution_time": 0.489640474319458, "passed": false}, "6": {"execution_time": 0.5355172157287598, "passed": false}, "7": {"execution_time": 0.5166220664978027, "passed": false}, "8": {"execution_time": 0.4797682762145996, "passed": true}, "9": {"execution_time": 0.3980402946472168, "passed": false}, "10": {"execution_time": 0.6472358703613281, "passed": false}, "11": {"execution_time": 0.49866819381713867, "passed": true}, "12": {"execution_time": 0.4148404598236084, "passed": true}, "13": {"execution_time": 1.285564661026001, "passed": false}, "14": {"execution_time": 0.4498014450073242, "passed": false}}}, "check_style_score": "0/1"}