{"version": "1", "message": "ERROR: Hidden Testcases server unreachable.", "problem_id": "ads2_m4_a1_1", "user_id": "ChaitanyaPuritipati", "score": {"sample": {"0": {"execution_time": 0.204453706741333, "passed": true}, "1": {"execution_time": 0.2652888298034668, "passed": false}, "2": {"execution_time": 0.2094402313232422, "passed": false}, "3": {"execution_time": 0.36000847816467285, "passed": false}, "4": {"execution_time": 0.23636460304260254, "passed": false}, "5": {"execution_time": 0.22938776016235352, "passed": false}, "6": {"execution_time": 0.20545172691345215, "passed": false}, "7": {"execution_time": 0.2094419002532959, "passed": false}, "8": {"execution_time": 0.2733168601989746, "passed": true}, "9": {"execution_time": 0.22839069366455078, "passed": false}, "10": {"execution_time": 0.20345616340637207, "passed": false}, "11": {"execution_time": 0.25032758712768555, "passed": true}, "12": {"execution_time": 0.19248580932617188, "passed": true}, "13": {"execution_time": 0.7470052242279053, "passed": false}, "14": {"execution_time": 0.19349193572998047, "passed": false}}}, "check_style_score": "0/1"}