{"version": "1", "message": "ERROR: Hidden Testcases server unreachable.", "problem_id": "ads2_m4_a1_1", "user_id": "ChaitanyaPuritipati", "score": {"sample": {"0": {"execution_time": 0.5650725364685059, "passed": true}, "1": {"execution_time": 0.6173450946807861, "passed": true}, "2": {"execution_time": 0.6581125259399414, "passed": false}, "3": {"execution_time": 0.5854332447052002, "passed": false}, "4": {"execution_time": 0.6392436027526855, "passed": false}, "5": {"execution_time": 0.5405569076538086, "passed": false}, "6": {"execution_time": 0.5595495700836182, "passed": false}, "7": {"execution_time": 0.543936014175415, "passed": true}, "8": {"execution_time": 0.5343310832977295, "passed": true}, "9": {"execution_time": 0.3929481506347656, "passed": false}, "10": {"execution_time": 0.4977242946624756, "passed": false}, "11": {"execution_time": 0.5132713317871094, "passed": true}, "12": {"execution_time": 0.4009361267089844, "passed": true}, "13": {"execution_time": 1.2836015224456787, "passed": false}, "14": {"execution_time": 0.4951291084289551, "passed": false}}}, "check_style_score": "0/1"}