{"version": "1", "message": "ERROR: Hidden Testcases server unreachable.", "problem_id": "ads2_m4_a1_1", "user_id": "ChaitanyaPuritipati", "score": {"sample": {"0": {"execution_time": 0.25275254249572754, "passed": true}, "1": {"execution_time": 0.2909417152404785, "passed": false}, "2": {"execution_time": 0.5023653507232666, "passed": false}, "3": {"execution_time": 0.928596019744873, "passed": false}, "4": {"execution_time": 0.24881720542907715, "passed": false}, "5": {"execution_time": 0.25577473640441895, "passed": false}, "6": {"execution_time": 0.2209606170654297, "passed": false}, "7": {"execution_time": 0.22552919387817383, "passed": false}, "8": {"execution_time": 0.21642613410949707, "passed": true}, "9": {"execution_time": 0.26280951499938965, "passed": false}, "10": {"execution_time": 0.25220608711242676, "passed": false}, "11": {"execution_time": 0.20419001579284668, "passed": true}, "12": {"execution_time": 0.23070073127746582, "passed": true}, "13": {"execution_time": 1.191866159439087, "passed": false}, "14": {"execution_time": 0.24185943603515625, "passed": false}}}, "check_style_score": "0/1"}