{"version": "1", "message": "ERROR: Hidden Testcases server unreachable.", "problem_id": "ads2_m4_a1_1", "user_id": "ChaitanyaPuritipati", "score": {"sample": {"0": {"execution_time": 0.5967285633087158, "passed": true}, "1": {"execution_time": 0.5545170307159424, "passed": true}, "2": {"execution_time": 0.46276402473449707, "passed": false}, "3": {"execution_time": 0.539553165435791, "passed": false}, "4": {"execution_time": 0.5357131958007812, "passed": false}, "5": {"execution_time": 0.4298670291900635, "passed": false}, "6": {"execution_time": 0.4657559394836426, "passed": false}, "7": {"execution_time": 0.4478495121002197, "passed": true}, "8": {"execution_time": 0.40886592864990234, "passed": true}, "9": {"execution_time": 0.4615745544433594, "passed": false}, "10": {"execution_time": 0.46777915954589844, "passed": false}, "11": {"execution_time": 0.36705708503723145, "passed": true}, "12": {"execution_time": 0.5207195281982422, "passed": true}, "13": {"execution_time": 1.5777876377105713, "passed": false}, "14": {"execution_time": 0.5036582946777344, "passed": false}}}, "check_style_score": "0/1"}