{"version": "1", "message": "ERROR: Hidden Testcases server unreachable.", "problem_id": "ads2_m2_a1_1", "user_id": "ChaitanyaPuritipati", "score": {"sample": {"0": {"execution_time": 0.2882263660430908, "passed": true}, "1": {"execution_time": 0.18593716621398926, "passed": true}, "2": {"execution_time": 0.20051789283752441, "passed": true}, "3": {"execution_time": 0.19148826599121094, "passed": true}, "4": {"execution_time": 0.2743535041809082, "passed": true}, "5": {"execution_time": 0.21741962432861328, "passed": true}, "6": {"execution_time": 0.27425503730773926, "passed": true}, "7": {"execution_time": 0.23437261581420898, "passed": true}, "8": {"execution_time": 0.21666908264160156, "passed": true}, "9": {"execution_time": 0.17493367195129395, "passed": true}, "10": {"execution_time": 0.19067049026489258, "passed": true}, "11": {"execution_time": 0.2747631072998047, "passed": true}, "12": {"execution_time": 0.21741890907287598, "passed": true}, "13": {"execution_time": 0.2155764102935791, "passed": true}, "14": {"execution_time": 0.2831854820251465, "passed": true}, "15": {"execution_time": 0.21048998832702637, "passed": true}, "16": {"execution_time": 0.28794002532958984, "passed": true}, "17": {"execution_time": 0.22623586654663086, "passed": true}, "18": {"execution_time": 0.300199031829834, "passed": true}, "19": {"execution_time": 0.2852356433868408, "passed": true}, "20": {"execution_time": 0.30252790451049805, "passed": true}, "21": {"execution_time": 0.24251294136047363, "passed": true}, "22": {"execution_time": 0.31914496421813965, "passed": true}, "23": {"execution_time": 0.32427406311035156, "passed": true}}}, "check_style_score": "0/1"}