{"version": "1", "message": "ERROR: Hidden Testcases server unreachable.", "problem_id": "ads2_m2_a1_1", "user_id": "ChaitanyaPuritipati", "score": {"sample": {"0": {"execution_time": 0.2804577350616455, "passed": false}, "1": {"execution_time": 0.1914069652557373, "passed": false}, "2": {"execution_time": 0.3071432113647461, "passed": false}, "3": {"execution_time": 0.3212704658508301, "passed": false}, "4": {"execution_time": 0.2668166160583496, "passed": false}, "5": {"execution_time": 0.31615591049194336, "passed": false}, "6": {"execution_time": 0.3530600070953369, "passed": false}, "7": {"execution_time": 0.3091750144958496, "passed": false}, "8": {"execution_time": 0.38197803497314453, "passed": false}, "9": {"execution_time": 0.2500793933868408, "passed": false}, "10": {"execution_time": 0.18338751792907715, "passed": false}, "11": {"execution_time": 0.25332093238830566, "passed": false}, "12": {"execution_time": 0.2872343063354492, "passed": false}, "13": {"execution_time": 0.22439861297607422, "passed": false}, "14": {"execution_time": 0.24928808212280273, "passed": false}, "15": {"execution_time": 0.2433469295501709, "passed": false}, "16": {"execution_time": 0.20544886589050293, "passed": false}, "17": {"execution_time": 0.22142338752746582, "passed": false}, "18": {"execution_time": 0.27646756172180176, "passed": false}, "19": {"execution_time": 0.18350839614868164, "passed": false}, "20": {"execution_time": 0.30219221115112305, "passed": false}, "21": {"execution_time": 0.19540953636169434, "passed": false}, "22": {"execution_time": 0.1665515899658203, "passed": false}, "23": {"execution_time": 0.1875009536743164, "passed": false}}}, "check_style_score": "0/1"}