{"version": "1", "message": "ERROR: Hidden Testcases server unreachable.", "problem_id": "ads2_m2_a1_1", "user_id": "ChaitanyaPuritipati", "score": {"sample": {"0": {"execution_time": 0.22246265411376953, "passed": true}, "1": {"execution_time": 0.2333528995513916, "passed": true}, "2": {"execution_time": 0.23816657066345215, "passed": true}, "3": {"execution_time": 0.17694640159606934, "passed": true}, "4": {"execution_time": 0.3171861171722412, "passed": true}, "5": {"execution_time": 0.294217586517334, "passed": true}, "6": {"execution_time": 0.2782566547393799, "passed": true}, "7": {"execution_time": 0.2373192310333252, "passed": true}, "8": {"execution_time": 0.18350744247436523, "passed": true}, "9": {"execution_time": 0.23443841934204102, "passed": true}, "10": {"execution_time": 0.253324031829834, "passed": true}, "11": {"execution_time": 0.19245600700378418, "passed": true}, "12": {"execution_time": 0.19752049446105957, "passed": true}, "13": {"execution_time": 0.18550491333007812, "passed": true}, "14": {"execution_time": 0.19110608100891113, "passed": true}, "15": {"execution_time": 0.28320765495300293, "passed": true}, "16": {"execution_time": 0.20246171951293945, "passed": true}, "17": {"execution_time": 0.2613060474395752, "passed": true}, "18": {"execution_time": 0.21339797973632812, "passed": true}, "19": {"execution_time": 0.26332616806030273, "passed": true}, "20": {"execution_time": 0.3255610466003418, "passed": true}, "21": {"execution_time": 0.24334383010864258, "passed": true}, "22": {"execution_time": 0.31310129165649414, "passed": true}, "23": {"execution_time": 0.32056498527526855, "passed": true}}}, "check_style_score": "0/1"}