{"version": "1", "message": "ERROR: Hidden Testcases server unreachable.", "problem_id": "ads2_m2_a1_1", "user_id": "ChaitanyaPuritipati", "score": {"sample": {"0": {"execution_time": 0.2622525691986084, "passed": false}, "1": {"execution_time": 0.1880662441253662, "passed": false}, "2": {"execution_time": 0.24933218955993652, "passed": false}, "3": {"execution_time": 0.18219661712646484, "passed": false}, "4": {"execution_time": 0.2553262710571289, "passed": false}, "5": {"execution_time": 0.22739195823669434, "passed": false}, "6": {"execution_time": 0.20466041564941406, "passed": false}, "7": {"execution_time": 0.17833900451660156, "passed": false}, "8": {"execution_time": 0.16954898834228516, "passed": false}, "9": {"execution_time": 0.2523055076599121, "passed": false}, "10": {"execution_time": 0.2503833770751953, "passed": false}, "11": {"execution_time": 0.2393968105316162, "passed": false}, "12": {"execution_time": 0.25031089782714844, "passed": false}, "13": {"execution_time": 0.17933869361877441, "passed": false}, "14": {"execution_time": 0.2634119987487793, "passed": false}, "15": {"execution_time": 0.25232791900634766, "passed": false}, "16": {"execution_time": 0.23433828353881836, "passed": false}, "17": {"execution_time": 0.15863656997680664, "passed": false}, "18": {"execution_time": 0.21044111251831055, "passed": false}, "19": {"execution_time": 0.2604055404663086, "passed": false}, "20": {"execution_time": 0.2533576488494873, "passed": false}, "21": {"execution_time": 0.20744585990905762, "passed": false}, "22": {"execution_time": 0.195481538772583, "passed": false}, "23": {"execution_time": 0.1683368682861328, "passed": false}}}, "check_style_score": "0/1"}