{"version": "1", "message": "ERROR: Hidden Testcases server unreachable.", "problem_id": "ads2_m2_a1_1", "user_id": "ChaitanyaPuritipati", "score": {"sample": {"0": {"execution_time": 0.26300930976867676, "passed": false}, "1": {"execution_time": 0.24267363548278809, "passed": false}, "2": {"execution_time": 0.22340655326843262, "passed": false}, "3": {"execution_time": 0.17855596542358398, "passed": false}, "4": {"execution_time": 0.23935937881469727, "passed": false}, "5": {"execution_time": 0.20447325706481934, "passed": false}, "6": {"execution_time": 0.2822427749633789, "passed": false}, "7": {"execution_time": 0.22938823699951172, "passed": false}, "8": {"execution_time": 0.2045135498046875, "passed": false}, "9": {"execution_time": 0.27425384521484375, "passed": false}, "10": {"execution_time": 0.18946027755737305, "passed": false}, "11": {"execution_time": 0.21342682838439941, "passed": false}, "12": {"execution_time": 0.3163440227508545, "passed": false}, "13": {"execution_time": 0.2593424320220947, "passed": false}, "14": {"execution_time": 0.24342799186706543, "passed": false}, "15": {"execution_time": 0.21953654289245605, "passed": false}, "16": {"execution_time": 0.20445561408996582, "passed": false}, "17": {"execution_time": 0.23935985565185547, "passed": false}, "18": {"execution_time": 0.48032402992248535, "passed": false}, "19": {"execution_time": 0.2333354949951172, "passed": false}, "20": {"execution_time": 0.3441178798675537, "passed": false}, "21": {"execution_time": 0.329103946685791, "passed": false}, "22": {"execution_time": 0.26031064987182617, "passed": false}, "23": {"execution_time": 0.2643706798553467, "passed": false}}}, "check_style_score": "0/1"}