{"version": "1", "message": "ERROR: Hidden Testcases server unreachable.", "problem_id": "ads2_m2_a1_1", "user_id": "ChaitanyaPuritipati", "score": {"sample": {"0": {"execution_time": 0.2154240608215332, "passed": true}, "1": {"execution_time": 0.28023481369018555, "passed": true}, "2": {"execution_time": 0.17749285697937012, "passed": true}, "3": {"execution_time": 0.22659683227539062, "passed": true}, "4": {"execution_time": 0.24634289741516113, "passed": true}, "5": {"execution_time": 0.22837448120117188, "passed": true}, "6": {"execution_time": 0.18550705909729004, "passed": true}, "7": {"execution_time": 0.19447922706604004, "passed": true}, "8": {"execution_time": 0.2784750461578369, "passed": true}, "9": {"execution_time": 0.19587182998657227, "passed": true}, "10": {"execution_time": 0.32213830947875977, "passed": true}, "11": {"execution_time": 0.17455244064331055, "passed": true}, "12": {"execution_time": 0.17553138732910156, "passed": true}, "13": {"execution_time": 0.19448566436767578, "passed": true}, "14": {"execution_time": 0.20487546920776367, "passed": true}, "15": {"execution_time": 0.22739410400390625, "passed": true}, "16": {"execution_time": 0.2124309539794922, "passed": true}, "17": {"execution_time": 0.3151535987854004, "passed": true}, "18": {"execution_time": 0.23556995391845703, "passed": true}, "19": {"execution_time": 0.25136709213256836, "passed": true}, "20": {"execution_time": 0.31316208839416504, "passed": true}, "21": {"execution_time": 0.1794872283935547, "passed": true}, "22": {"execution_time": 0.25989818572998047, "passed": true}, "23": {"execution_time": 0.27643346786499023, "passed": true}}}, "check_style_score": "0/1"}