{"version": "1", "message": "ERROR: Hidden Testcases server unreachable.", "problem_id": "ads2_m2_a1_1", "user_id": "ChaitanyaPuritipati", "score": {"sample": {"0": {"execution_time": 0.19747018814086914, "passed": false}, "1": {"execution_time": 0.18451213836669922, "passed": false}, "2": {"execution_time": 0.3511035442352295, "passed": false}, "3": {"execution_time": 0.23766303062438965, "passed": false}, "4": {"execution_time": 0.17553043365478516, "passed": false}, "5": {"execution_time": 0.19647908210754395, "passed": false}, "6": {"execution_time": 0.18051743507385254, "passed": false}, "7": {"execution_time": 0.25835394859313965, "passed": false}, "8": {"execution_time": 0.23836040496826172, "passed": false}, "9": {"execution_time": 0.20146846771240234, "passed": false}, "10": {"execution_time": 0.17820072174072266, "passed": false}, "11": {"execution_time": 0.1905381679534912, "passed": false}, "12": {"execution_time": 0.19932079315185547, "passed": false}, "13": {"execution_time": 0.16958951950073242, "passed": false}, "14": {"execution_time": 0.16655516624450684, "passed": false}, "15": {"execution_time": 0.260298490524292, "passed": false}, "16": {"execution_time": 0.2622981071472168, "passed": false}, "17": {"execution_time": 0.2224595546722412, "passed": false}, "18": {"execution_time": 0.21945500373840332, "passed": false}, "19": {"execution_time": 0.26628947257995605, "passed": false}, "20": {"execution_time": 0.2443985939025879, "passed": false}, "21": {"execution_time": 0.2130143642425537, "passed": false}, "22": {"execution_time": 0.3869898319244385, "passed": false}, "23": {"execution_time": 0.26928138732910156, "passed": false}}}, "check_style_score": "0/1"}