{"version": "1", "message": "ERROR: Hidden Testcases server unreachable.", "problem_id": "ads2_m2_a1_1", "user_id": "ChaitanyaPuritipati", "score": {"sample": {"0": {"execution_time": 0.3453667163848877, "passed": true}, "1": {"execution_time": 0.17049193382263184, "passed": true}, "2": {"execution_time": 0.29021525382995605, "passed": true}, "3": {"execution_time": 0.21638989448547363, "passed": true}, "4": {"execution_time": 0.21142911911010742, "passed": true}, "5": {"execution_time": 0.17921209335327148, "passed": true}, "6": {"execution_time": 0.20844483375549316, "passed": true}, "7": {"execution_time": 0.18151545524597168, "passed": true}, "8": {"execution_time": 0.23337697982788086, "passed": true}, "9": {"execution_time": 0.17254972457885742, "passed": true}, "10": {"execution_time": 0.20644879341125488, "passed": true}, "11": {"execution_time": 0.2998061180114746, "passed": true}, "12": {"execution_time": 0.19649863243103027, "passed": true}, "13": {"execution_time": 0.18351030349731445, "passed": true}, "14": {"execution_time": 0.20345616340637207, "passed": true}, "15": {"execution_time": 0.2005922794342041, "passed": true}, "16": {"execution_time": 0.26329755783081055, "passed": true}, "17": {"execution_time": 0.24035954475402832, "passed": true}, "18": {"execution_time": 0.3071780204772949, "passed": true}, "19": {"execution_time": 0.2473430633544922, "passed": true}, "20": {"execution_time": 0.2753176689147949, "passed": true}, "21": {"execution_time": 0.18944716453552246, "passed": true}, "22": {"execution_time": 0.42886924743652344, "passed": true}, "23": {"execution_time": 0.2615628242492676, "passed": true}}}, "check_style_score": "0/1"}