{"version": "1", "message": "ERROR: Hidden Testcases server unreachable.", "problem_id": "ads2_m2_a1_1", "user_id": "ChaitanyaPuritipati", "score": {"sample": {"0": {"execution_time": 0.2702767848968506, "passed": true}, "1": {"execution_time": 0.18044042587280273, "passed": true}, "2": {"execution_time": 0.22239947319030762, "passed": true}, "3": {"execution_time": 0.27642011642456055, "passed": true}, "4": {"execution_time": 0.26225805282592773, "passed": true}, "5": {"execution_time": 0.254319429397583, "passed": true}, "6": {"execution_time": 0.20747637748718262, "passed": true}, "7": {"execution_time": 0.295243501663208, "passed": true}, "8": {"execution_time": 0.23941421508789062, "passed": true}, "9": {"execution_time": 0.1795196533203125, "passed": true}, "10": {"execution_time": 0.18450593948364258, "passed": true}, "11": {"execution_time": 0.23537254333496094, "passed": true}, "12": {"execution_time": 0.23038387298583984, "passed": true}, "13": {"execution_time": 0.1985011100769043, "passed": true}, "14": {"execution_time": 0.2428741455078125, "passed": true}, "15": {"execution_time": 0.20151686668395996, "passed": true}, "16": {"execution_time": 0.25332212448120117, "passed": true}, "17": {"execution_time": 0.2533252239227295, "passed": true}, "18": {"execution_time": 0.2613098621368408, "passed": true}, "19": {"execution_time": 0.2696104049682617, "passed": true}, "20": {"execution_time": 0.2732691764831543, "passed": true}, "21": {"execution_time": 0.18654632568359375, "passed": true}, "22": {"execution_time": 0.42287182807922363, "passed": true}, "23": {"execution_time": 0.28324174880981445, "passed": true}}}, "check_style_score": "0/1"}