{"version": "1", "message": "ERROR: Hidden Testcases server unreachable.", "problem_id": "ads2_m2_a1_1", "user_id": "ChaitanyaPuritipati", "score": {"sample": {"0": {"execution_time": 0.20644783973693848, "passed": true}, "1": {"execution_time": 0.18650150299072266, "passed": true}, "2": {"execution_time": 0.2154254913330078, "passed": true}, "3": {"execution_time": 0.28324389457702637, "passed": true}, "4": {"execution_time": 0.2118523120880127, "passed": true}, "5": {"execution_time": 0.2682375907897949, "passed": true}, "6": {"execution_time": 0.23944354057312012, "passed": true}, "7": {"execution_time": 0.1954786777496338, "passed": true}, "8": {"execution_time": 0.331296443939209, "passed": true}, "9": {"execution_time": 0.3595094680786133, "passed": true}, "10": {"execution_time": 0.34509801864624023, "passed": true}, "11": {"execution_time": 0.3181173801422119, "passed": true}, "12": {"execution_time": 0.1904897689819336, "passed": true}, "13": {"execution_time": 0.29814863204956055, "passed": true}, "14": {"execution_time": 0.1850905418395996, "passed": true}, "15": {"execution_time": 0.2074263095855713, "passed": true}, "16": {"execution_time": 0.2272965908050537, "passed": true}, "17": {"execution_time": 0.3191962242126465, "passed": true}, "18": {"execution_time": 0.2992055416107178, "passed": true}, "19": {"execution_time": 0.36897754669189453, "passed": true}, "20": {"execution_time": 0.3091456890106201, "passed": true}, "21": {"execution_time": 0.2124326229095459, "passed": true}, "22": {"execution_time": 0.31215620040893555, "passed": true}, "23": {"execution_time": 0.35205841064453125, "passed": true}}}, "check_style_score": "0/1"}