{"version": "1", "message": "ERROR: Hidden Testcases server unreachable.", "problem_id": "ads2_m6_a1_1", "user_id": "ChaitanyaPuritipati", "score": {"sample": {"0": {"execution_time": 0.3979322910308838, "passed": false}, "1": {"execution_time": 0.37100768089294434, "passed": false}, "2": {"execution_time": 0.35203099250793457, "passed": false}, "3": {"execution_time": 0.42490530014038086, "passed": false}, "4": {"execution_time": 0.41887879371643066, "passed": false}, "5": {"execution_time": 0.41281962394714355, "passed": false}, "6": {"execution_time": 0.40189456939697266, "passed": true}, "7": {"execution_time": 0.39497947692871094, "passed": false}, "8": {"execution_time": 0.4119071960449219, "passed": true}, "9": {"execution_time": 0.5435490608215332, "passed": true}, "10": {"execution_time": 0.5026900768280029, "passed": true}, "11": {"execution_time": 0.45483946800231934, "passed": false}}}, "check_style_score": "0/1"}