{"version": "1", "message": "ERROR: Hidden Testcases server unreachable.", "problem_id": "ads2_m6_a1_1", "user_id": "ChaitanyaPuritipati", "score": {"sample": {"0": {"execution_time": 0.2741823196411133, "passed": false}, "1": {"execution_time": 0.2773101329803467, "passed": false}, "2": {"execution_time": 0.3350546360015869, "passed": false}, "3": {"execution_time": 0.28629422187805176, "passed": false}, "4": {"execution_time": 0.3092048168182373, "passed": false}, "5": {"execution_time": 0.4094562530517578, "passed": true}, "6": {"execution_time": 0.31322169303894043, "passed": true}, "7": {"execution_time": 0.32013940811157227, "passed": false}, "8": {"execution_time": 0.3305368423461914, "passed": true}, "9": {"execution_time": 0.2842369079589844, "passed": false}, "10": {"execution_time": 0.2652909755706787, "passed": true}, "11": {"execution_time": 0.284243106842041, "passed": false}}}, "check_style_score": "0/1"}