{"version": "1", "message": "ERROR: Hidden Testcases server unreachable.", "problem_id": "ads2_m6_a1_1", "user_id": "ChaitanyaPuritipati", "score": {"sample": {"0": {"execution_time": 0.664226770401001, "passed": false}, "1": {"execution_time": 0.5684936046600342, "passed": false}, "2": {"execution_time": 0.6774463653564453, "passed": false}, "3": {"execution_time": 0.46476221084594727, "passed": false}, "4": {"execution_time": 0.5125775337219238, "passed": true}, "5": {"execution_time": 0.6103718280792236, "passed": false}, "6": {"execution_time": 0.5784502029418945, "passed": true}, "7": {"execution_time": 0.549527645111084, "passed": false}, "8": {"execution_time": 0.6084277629852295, "passed": true}, "9": {"execution_time": 0.6065514087677002, "passed": true}, "10": {"execution_time": 0.6003584861755371, "passed": true}, "11": {"execution_time": 0.7231838703155518, "passed": false}}}, "check_style_score": "0/1"}