{"version": "1", "message": "ERROR: Hidden Testcases server unreachable.", "problem_id": "ads2_m6_a1_1", "user_id": "ChaitanyaPuritipati", "score": {"sample": {"0": {"execution_time": 0.19251132011413574, "passed": false}, "1": {"execution_time": 0.19690728187561035, "passed": false}, "2": {"execution_time": 0.2273876667022705, "passed": false}, "3": {"execution_time": 0.24335789680480957, "passed": false}, "4": {"execution_time": 0.19946646690368652, "passed": false}, "5": {"execution_time": 0.21343040466308594, "passed": false}, "6": {"execution_time": 0.22044992446899414, "passed": false}, "7": {"execution_time": 0.2224421501159668, "passed": false}, "8": {"execution_time": 0.26429295539855957, "passed": false}, "9": {"execution_time": 0.2054121494293213, "passed": false}, "10": {"execution_time": 0.20340895652770996, "passed": false}, "11": {"execution_time": 0.2184140682220459, "passed": false}}}, "check_style_score": "0/1"}