{"version": "1", "message": "ERROR: Hidden Testcases server unreachable.", "problem_id": "ads2_m6_a1_1", "user_id": "ChaitanyaPuritipati", "score": {"sample": {"0": {"execution_time": 0.7579195499420166, "passed": false}, "1": {"execution_time": 0.6383466720581055, "passed": false}, "2": {"execution_time": 0.5904185771942139, "passed": false}, "3": {"execution_time": 0.7508885860443115, "passed": false}, "4": {"execution_time": 0.7552905082702637, "passed": false}, "5": {"execution_time": 0.8477351665496826, "passed": false}, "6": {"execution_time": 0.6233329772949219, "passed": false}, "7": {"execution_time": 0.7350320816040039, "passed": false}, "8": {"execution_time": 0.32254457473754883, "passed": false}, "9": {"execution_time": 0.41893601417541504, "passed": false}, "10": {"execution_time": 0.39961910247802734, "passed": false}, "11": {"execution_time": 0.4647257328033447, "passed": false}}}, "check_style_score": "0/1"}