{"version": "1", "message": "ERROR: Hidden Testcases server unreachable.", "problem_id": "ads2_m6_a1_1", "user_id": "ChaitanyaPuritipati", "score": {"sample": {"0": {"execution_time": 0.2074122428894043, "passed": false}, "1": {"execution_time": 0.20545244216918945, "passed": false}, "2": {"execution_time": 0.22543907165527344, "passed": false}, "3": {"execution_time": 0.25332045555114746, "passed": false}, "4": {"execution_time": 0.20947790145874023, "passed": false}, "5": {"execution_time": 0.25230884552001953, "passed": false}, "6": {"execution_time": 0.2044234275817871, "passed": true}, "7": {"execution_time": 0.23636341094970703, "passed": false}, "8": {"execution_time": 0.20395159721374512, "passed": true}, "9": {"execution_time": 0.217421293258667, "passed": false}, "10": {"execution_time": 0.24135613441467285, "passed": true}, "11": {"execution_time": 0.24035263061523438, "passed": false}}}, "check_style_score": "0/1"}