{"version": "1", "message": "ERROR: Hidden Testcases server unreachable.", "problem_id": "ads2_m6_a1_1", "user_id": "ChaitanyaPuritipati", "score": {"sample": {"0": {"execution_time": 0.27028703689575195, "passed": false}, "1": {"execution_time": 0.2573099136352539, "passed": false}, "2": {"execution_time": 0.38094377517700195, "passed": false}, "3": {"execution_time": 0.5605084896087646, "passed": false}, "4": {"execution_time": 0.48267626762390137, "passed": false}, "5": {"execution_time": 0.5514898300170898, "passed": false}, "6": {"execution_time": 0.2284412384033203, "passed": false}, "7": {"execution_time": 0.47572875022888184, "passed": false}, "8": {"execution_time": 0.2293860912322998, "passed": false}, "9": {"execution_time": 0.5145902633666992, "passed": false}, "10": {"execution_time": 0.20744633674621582, "passed": false}, "11": {"execution_time": 0.26030540466308594, "passed": false}}}, "check_style_score": "0/1"}