{"version": "1", "message": "ERROR: Hidden Testcases server unreachable.", "problem_id": "ads2_m6_a1_1", "user_id": "ChaitanyaPuritipati", "score": {"sample": {"0": {"execution_time": 0.2124316692352295, "passed": false}, "1": {"execution_time": 0.23241376876831055, "passed": false}, "2": {"execution_time": 0.2463536262512207, "passed": false}, "3": {"execution_time": 0.27227020263671875, "passed": false}, "4": {"execution_time": 0.2712671756744385, "passed": false}, "5": {"execution_time": 0.2184145450592041, "passed": false}, "6": {"execution_time": 0.2363722324371338, "passed": false}, "7": {"execution_time": 0.22465920448303223, "passed": false}, "8": {"execution_time": 0.2314157485961914, "passed": false}, "9": {"execution_time": 0.2673220634460449, "passed": false}, "10": {"execution_time": 0.31615376472473145, "passed": false}, "11": {"execution_time": 0.2822723388671875, "passed": false}}}, "check_style_score": "0/1"}