{"version": "1", "message": "ERROR: Hidden Testcases server unreachable.", "problem_id": "ads2_m6_a1_1", "user_id": "ChaitanyaPuritipati", "score": {"sample": {"0": {"execution_time": 0.427797794342041, "passed": false}, "1": {"execution_time": 0.3879125118255615, "passed": false}, "2": {"execution_time": 0.5017051696777344, "passed": false}, "3": {"execution_time": 0.5265500545501709, "passed": false}, "4": {"execution_time": 0.43588900566101074, "passed": false}, "5": {"execution_time": 0.45478367805480957, "passed": false}, "6": {"execution_time": 0.401888370513916, "passed": false}, "7": {"execution_time": 0.4059162139892578, "passed": false}, "8": {"execution_time": 0.5724649429321289, "passed": false}, "9": {"execution_time": 0.5325355529785156, "passed": false}, "10": {"execution_time": 0.34807658195495605, "passed": false}, "11": {"execution_time": 0.6218729019165039, "passed": false}}}, "check_style_score": "0/1"}