{"version": "1", "message": "ERROR: Hidden Testcases server unreachable.", "problem_id": "ads2_m6_a1_1", "user_id": "ChaitanyaPuritipati", "score": {"sample": {"0": {"execution_time": 0.2882254123687744, "passed": false}, "1": {"execution_time": 0.24833416938781738, "passed": false}, "2": {"execution_time": 0.21143484115600586, "passed": false}, "3": {"execution_time": 0.24335002899169922, "passed": false}, "4": {"execution_time": 0.21642065048217773, "passed": true}, "5": {"execution_time": 0.26928067207336426, "passed": false}, "6": {"execution_time": 0.22440171241760254, "passed": true}, "7": {"execution_time": 0.20737457275390625, "passed": false}, "8": {"execution_time": 0.2293856143951416, "passed": true}, "9": {"execution_time": 0.23630166053771973, "passed": true}, "10": {"execution_time": 0.21545672416687012, "passed": true}, "11": {"execution_time": 0.21945548057556152, "passed": false}}}, "check_style_score": "0/1"}