{"version": "1", "message": "ERROR: Hidden Testcases server unreachable.", "problem_id": "ads2_m6_a1_1", "user_id": "ChaitanyaPuritipati", "score": {"sample": {"0": {"execution_time": 0.5325782299041748, "passed": false}, "1": {"execution_time": 0.6343591213226318, "passed": false}, "2": {"execution_time": 0.5883955955505371, "passed": false}, "3": {"execution_time": 0.6442821025848389, "passed": false}, "4": {"execution_time": 0.6672279834747314, "passed": false}, "5": {"execution_time": 0.5533604621887207, "passed": false}, "6": {"execution_time": 0.5326244831085205, "passed": true}, "7": {"execution_time": 0.4996635913848877, "passed": false}, "8": {"execution_time": 0.5425565242767334, "passed": true}, "9": {"execution_time": 0.6602497100830078, "passed": false}, "10": {"execution_time": 0.43883228302001953, "passed": true}, "11": {"execution_time": 0.6113688945770264, "passed": false}}}, "check_style_score": "0/1"}