{"version": "1", "message": "ERROR: Hidden Testcases server unreachable.", "problem_id": "ads2_m6_a1_1", "user_id": "ChaitanyaPuritipati", "score": {"sample": {"0": {"execution_time": 0.21044039726257324, "passed": false}, "1": {"execution_time": 0.209547758102417, "passed": false}, "2": {"execution_time": 0.22140765190124512, "passed": false}, "3": {"execution_time": 0.2652928829193115, "passed": false}, "4": {"execution_time": 0.2921915054321289, "passed": false}, "5": {"execution_time": 0.21941471099853516, "passed": false}, "6": {"execution_time": 0.22838759422302246, "passed": false}, "7": {"execution_time": 0.2114417552947998, "passed": false}, "8": {"execution_time": 0.21941065788269043, "passed": false}, "9": {"execution_time": 0.21642208099365234, "passed": false}, "10": {"execution_time": 0.22340178489685059, "passed": false}, "11": {"execution_time": 0.2363290786743164, "passed": false}}}, "check_style_score": "0/1"}