{"version": "1", "message": "ERROR: Hidden Testcases server unreachable.", "problem_id": "ads2_m6_a1_1", "user_id": "ChaitanyaPuritipati", "score": {"sample": {"0": {"execution_time": 0.2184159755706787, "passed": false}, "1": {"execution_time": 0.21741724014282227, "passed": false}, "2": {"execution_time": 0.24338150024414062, "passed": false}, "3": {"execution_time": 0.24434828758239746, "passed": false}, "4": {"execution_time": 0.23839831352233887, "passed": false}, "5": {"execution_time": 0.23234224319458008, "passed": false}, "6": {"execution_time": 0.23280024528503418, "passed": false}, "7": {"execution_time": 0.2613363265991211, "passed": false}, "8": {"execution_time": 0.21542572975158691, "passed": false}, "9": {"execution_time": 0.3001995086669922, "passed": false}, "10": {"execution_time": 0.2105114459991455, "passed": false}, "11": {"execution_time": 0.23743963241577148, "passed": false}}}, "check_style_score": "0/1"}