{"version": "1", "message": "ERROR: Hidden Testcases server unreachable.", "problem_id": "ads2_m6_a1_1", "user_id": "ChaitanyaPuritipati", "score": {"sample": {"0": {"execution_time": 0.4159109592437744, "passed": false}, "1": {"execution_time": 0.2433454990386963, "passed": false}, "2": {"execution_time": 0.23337221145629883, "passed": false}, "3": {"execution_time": 0.24734067916870117, "passed": false}, "4": {"execution_time": 0.21642208099365234, "passed": false}, "5": {"execution_time": 0.23334097862243652, "passed": false}, "6": {"execution_time": 0.21945834159851074, "passed": true}, "7": {"execution_time": 0.2224433422088623, "passed": false}, "8": {"execution_time": 0.20844221115112305, "passed": true}, "9": {"execution_time": 0.21442651748657227, "passed": false}, "10": {"execution_time": 0.23337626457214355, "passed": true}, "11": {"execution_time": 0.23736977577209473, "passed": false}}}, "check_style_score": "0/1"}