{"version": "1", "message": "ERROR: Hidden Testcases server unreachable.", "problem_id": "ads2_m6_a1_1", "user_id": "ChaitanyaPuritipati", "score": {"sample": {"0": {"execution_time": 0.4468066692352295, "passed": false}, "1": {"execution_time": 0.40392255783081055, "passed": false}, "2": {"execution_time": 0.47377943992614746, "passed": false}, "3": {"execution_time": 0.5085647106170654, "passed": false}, "4": {"execution_time": 0.575467586517334, "passed": true}, "5": {"execution_time": 0.4946784973144531, "passed": false}, "6": {"execution_time": 0.5411355495452881, "passed": true}, "7": {"execution_time": 0.37300777435302734, "passed": false}, "8": {"execution_time": 0.3320810794830322, "passed": true}, "9": {"execution_time": 0.26181697845458984, "passed": true}, "10": {"execution_time": 0.3390932083129883, "passed": true}, "11": {"execution_time": 0.5056898593902588, "passed": false}}}, "check_style_score": "0/1"}