{"version": "1", "message": "ERROR: Hidden Testcases server unreachable.", "problem_id": "ads2_m6_a1_1", "user_id": "ChaitanyaPuritipati", "score": {"sample": {"0": {"execution_time": 0.34702610969543457, "passed": false}, "1": {"execution_time": 0.25501227378845215, "passed": false}, "2": {"execution_time": 0.3021886348724365, "passed": false}, "3": {"execution_time": 0.3052253723144531, "passed": false}, "4": {"execution_time": 0.298168420791626, "passed": true}, "5": {"execution_time": 0.3590054512023926, "passed": false}, "6": {"execution_time": 0.29424452781677246, "passed": true}, "7": {"execution_time": 0.4041569232940674, "passed": false}, "8": {"execution_time": 0.3201451301574707, "passed": true}, "9": {"execution_time": 0.37520742416381836, "passed": true}, "10": {"execution_time": 0.34067463874816895, "passed": true}, "11": {"execution_time": 0.3151583671569824, "passed": false}}}, "check_style_score": "0/1"}