{"version": "1", "message": "ERROR: Hidden Testcases server unreachable.", "problem_id": "ads2_m6_a1_1", "user_id": "ChaitanyaPuritipati", "score": {"sample": {"0": {"execution_time": 0.2213742733001709, "passed": false}, "1": {"execution_time": 0.20943713188171387, "passed": false}, "2": {"execution_time": 0.19650936126708984, "passed": false}, "3": {"execution_time": 0.2173774242401123, "passed": false}, "4": {"execution_time": 0.24333930015563965, "passed": false}, "5": {"execution_time": 0.30119872093200684, "passed": false}, "6": {"execution_time": 0.19751238822937012, "passed": false}, "7": {"execution_time": 0.22739219665527344, "passed": false}, "8": {"execution_time": 0.22343039512634277, "passed": false}, "9": {"execution_time": 0.23337364196777344, "passed": false}, "10": {"execution_time": 0.1764540672302246, "passed": false}, "11": {"execution_time": 0.2124309539794922, "passed": false}}}, "check_style_score": "0/1"}