{"version": "1", "message": "ERROR: Hidden Testcases server unreachable.", "problem_id": "ads2_m6_a1_1", "user_id": "ChaitanyaPuritipati", "score": {"sample": {"0": {"execution_time": 0.21312284469604492, "passed": false}, "1": {"execution_time": 0.22055912017822266, "passed": false}, "2": {"execution_time": 0.3181126117706299, "passed": false}, "3": {"execution_time": 0.4527888298034668, "passed": false}, "4": {"execution_time": 0.42457103729248047, "passed": false}, "5": {"execution_time": 0.3919503688812256, "passed": false}, "6": {"execution_time": 0.3211796283721924, "passed": false}, "7": {"execution_time": 0.2937130928039551, "passed": false}, "8": {"execution_time": 0.25731396675109863, "passed": false}, "9": {"execution_time": 0.3422811031341553, "passed": false}, "10": {"execution_time": 0.2091844081878662, "passed": false}, "11": {"execution_time": 0.2954258918762207, "passed": false}}}, "check_style_score": "0/1"}