{"version": "1", "message": "ERROR: Hidden Testcases server unreachable.", "problem_id": "ads2_m6_a1_1", "user_id": "ChaitanyaPuritipati", "score": {"sample": {"0": {"execution_time": 0.283245325088501, "passed": false}, "1": {"execution_time": 0.28630924224853516, "passed": false}, "2": {"execution_time": 0.3560171127319336, "passed": false}, "3": {"execution_time": 0.2872323989868164, "passed": false}, "4": {"execution_time": 0.31116771697998047, "passed": true}, "5": {"execution_time": 0.3789863586425781, "passed": false}, "6": {"execution_time": 0.3580782413482666, "passed": true}, "7": {"execution_time": 0.3191506862640381, "passed": false}, "8": {"execution_time": 0.31139707565307617, "passed": true}, "9": {"execution_time": 0.3481314182281494, "passed": true}, "10": {"execution_time": 0.31432366371154785, "passed": true}, "11": {"execution_time": 0.40195751190185547, "passed": false}}}, "check_style_score": "0/1"}