{"version": "1", "message": "ERROR: Hidden Testcases server unreachable.", "problem_id": "ads2_m6_a1_1", "user_id": "ChaitanyaPuritipati", "score": {"sample": {"0": {"execution_time": 0.3839535713195801, "passed": false}, "1": {"execution_time": 0.2814149856567383, "passed": false}, "2": {"execution_time": 0.30718469619750977, "passed": false}, "3": {"execution_time": 0.3729984760284424, "passed": false}, "4": {"execution_time": 0.3580446243286133, "passed": false}, "5": {"execution_time": 0.3291187286376953, "passed": true}, "6": {"execution_time": 0.2982063293457031, "passed": true}, "7": {"execution_time": 0.3500666618347168, "passed": false}, "8": {"execution_time": 0.29216670989990234, "passed": true}, "9": {"execution_time": 0.27157115936279297, "passed": false}, "10": {"execution_time": 0.273270845413208, "passed": true}, "11": {"execution_time": 0.34212493896484375, "passed": false}}}, "check_style_score": "0/1"}