{"version": "1", "message": "ERROR: Hidden Testcases server unreachable.", "problem_id": "ads2_m6_a1_1", "user_id": "ChaitanyaPuritipati", "score": {"sample": {"0": {"execution_time": 0.4079091548919678, "passed": false}, "1": {"execution_time": 0.319105863571167, "passed": false}, "2": {"execution_time": 0.34903383255004883, "passed": false}, "3": {"execution_time": 0.4228708744049072, "passed": false}, "4": {"execution_time": 0.3570523262023926, "passed": false}, "5": {"execution_time": 0.419877290725708, "passed": false}, "6": {"execution_time": 0.30417442321777344, "passed": false}, "7": {"execution_time": 0.34409093856811523, "passed": false}, "8": {"execution_time": 0.37400126457214355, "passed": false}, "9": {"execution_time": 0.42389535903930664, "passed": false}, "10": {"execution_time": 0.2842388153076172, "passed": false}, "11": {"execution_time": 0.49574780464172363, "passed": false}}}, "check_style_score": "0/1"}