{"version": "1", "message": "ERROR: Hidden Testcases server unreachable.", "problem_id": "ads2_m6_a1_1", "user_id": "ChaitanyaPuritipati", "score": {"sample": {"0": {"execution_time": 0.2872319221496582, "passed": false}, "1": {"execution_time": 0.2423534393310547, "passed": false}, "2": {"execution_time": 0.23375940322875977, "passed": false}, "3": {"execution_time": 0.2662508487701416, "passed": false}, "4": {"execution_time": 0.21546554565429688, "passed": false}, "5": {"execution_time": 0.21143436431884766, "passed": false}, "6": {"execution_time": 0.24238133430480957, "passed": false}, "7": {"execution_time": 0.2652928829193115, "passed": false}, "8": {"execution_time": 0.21150732040405273, "passed": false}, "9": {"execution_time": 0.23337292671203613, "passed": false}, "10": {"execution_time": 0.20844435691833496, "passed": false}, "11": {"execution_time": 0.25332164764404297, "passed": false}}}, "check_style_score": "0/1"}