{"version": "1", "message": "ERROR: Hidden Testcases server unreachable.", "problem_id": "ads2_m6_a1_1", "user_id": "ChaitanyaPuritipati", "score": {"sample": {"0": {"execution_time": 0.2652862071990967, "passed": false}, "1": {"execution_time": 0.2623004913330078, "passed": false}, "2": {"execution_time": 0.3969385623931885, "passed": false}, "3": {"execution_time": 0.5345730781555176, "passed": false}, "4": {"execution_time": 0.5096337795257568, "passed": false}, "5": {"execution_time": 0.514624834060669, "passed": false}, "6": {"execution_time": 0.2034912109375, "passed": false}, "7": {"execution_time": 0.4438362121582031, "passed": false}, "8": {"execution_time": 0.2014620304107666, "passed": false}, "9": {"execution_time": 0.5365662574768066, "passed": false}, "10": {"execution_time": 0.22440147399902344, "passed": false}, "11": {"execution_time": 0.26149868965148926, "passed": false}}}, "check_style_score": "0/1"}