{"version": "1", "message": "ERROR: Hidden Testcases server unreachable.", "problem_id": "ads2_m6_a1_1", "user_id": "ChaitanyaPuritipati", "score": {"sample": {"0": {"execution_time": 0.34607601165771484, "passed": false}, "1": {"execution_time": 0.3361024856567383, "passed": false}, "2": {"execution_time": 0.34610867500305176, "passed": false}, "3": {"execution_time": 0.44576478004455566, "passed": false}, "4": {"execution_time": 0.39295077323913574, "passed": false}, "5": {"execution_time": 0.48975563049316406, "passed": false}, "6": {"execution_time": 0.35405421257019043, "passed": false}, "7": {"execution_time": 0.39594244956970215, "passed": false}, "8": {"execution_time": 0.38197922706604004, "passed": false}, "9": {"execution_time": 0.45977139472961426, "passed": false}, "10": {"execution_time": 0.27127528190612793, "passed": false}, "11": {"execution_time": 0.5644881725311279, "passed": false}}}, "check_style_score": "0/1"}