{"version": "1", "message": "ERROR: Hidden Testcases server unreachable.", "problem_id": "ads2_m6_a1_1", "user_id": "ChaitanyaPuritipati", "score": {"sample": {"0": {"execution_time": 0.35677075386047363, "passed": false}, "1": {"execution_time": 0.3381521701812744, "passed": false}, "2": {"execution_time": 0.28884243965148926, "passed": false}, "3": {"execution_time": 0.2762598991394043, "passed": false}, "4": {"execution_time": 0.32318973541259766, "passed": false}, "5": {"execution_time": 0.32712554931640625, "passed": true}, "6": {"execution_time": 0.2752232551574707, "passed": true}, "7": {"execution_time": 0.3391568660736084, "passed": false}, "8": {"execution_time": 0.3659248352050781, "passed": true}, "9": {"execution_time": 0.3041837215423584, "passed": false}, "10": {"execution_time": 0.3112196922302246, "passed": true}, "11": {"execution_time": 0.33215951919555664, "passed": false}}}, "check_style_score": "0/1"}