{"version": "1", "message": "ERROR: Hidden Testcases server unreachable.", "problem_id": "ads2_m6_a1_1", "user_id": "ChaitanyaPuritipati", "score": {"sample": {"0": {"execution_time": 0.24434924125671387, "passed": false}, "1": {"execution_time": 0.20545172691345215, "passed": false}, "2": {"execution_time": 0.2603027820587158, "passed": false}, "3": {"execution_time": 0.2433488368988037, "passed": false}, "4": {"execution_time": 0.21549582481384277, "passed": false}, "5": {"execution_time": 0.23637032508850098, "passed": false}, "6": {"execution_time": 0.20940685272216797, "passed": false}, "7": {"execution_time": 0.23935532569885254, "passed": false}, "8": {"execution_time": 0.21948862075805664, "passed": false}, "9": {"execution_time": 0.2812471389770508, "passed": false}, "10": {"execution_time": 0.23640108108520508, "passed": false}, "11": {"execution_time": 0.23268866539001465, "passed": false}}}, "check_style_score": "0/1"}