{"version": "1", "message": "ERROR: Hidden Testcases server unreachable.", "problem_id": "ads2_m6_a1_1", "user_id": "ChaitanyaPuritipati", "score": {"sample": {"0": {"execution_time": 0.29620814323425293, "passed": false}, "1": {"execution_time": 0.21043682098388672, "passed": false}, "2": {"execution_time": 0.20944619178771973, "passed": false}, "3": {"execution_time": 0.2216789722442627, "passed": false}, "4": {"execution_time": 0.20644497871398926, "passed": false}, "5": {"execution_time": 0.22643589973449707, "passed": false}, "6": {"execution_time": 0.2353653907775879, "passed": false}, "7": {"execution_time": 0.24844789505004883, "passed": false}, "8": {"execution_time": 0.2174537181854248, "passed": false}, "9": {"execution_time": 0.23337340354919434, "passed": false}, "10": {"execution_time": 0.2044510841369629, "passed": false}, "11": {"execution_time": 0.22938823699951172, "passed": false}}}, "check_style_score": "0/1"}