{"version": "1", "message": "ERROR: Hidden Testcases server unreachable.", "problem_id": "ads2_m6_a1_1", "user_id": "ChaitanyaPuritipati", "score": {"sample": {"0": {"execution_time": 0.32955455780029297, "passed": false}, "1": {"execution_time": 0.42683935165405273, "passed": false}, "2": {"execution_time": 0.47695446014404297, "passed": false}, "3": {"execution_time": 0.47562336921691895, "passed": false}, "4": {"execution_time": 0.48097896575927734, "passed": false}, "5": {"execution_time": 0.48172545433044434, "passed": true}, "6": {"execution_time": 0.5046858787536621, "passed": true}, "7": {"execution_time": 0.5156238079071045, "passed": false}, "8": {"execution_time": 0.5186581611633301, "passed": true}, "9": {"execution_time": 0.4876689910888672, "passed": false}, "10": {"execution_time": 0.4746999740600586, "passed": true}, "11": {"execution_time": 0.48072099685668945, "passed": false}}}, "check_style_score": "0/1"}