{"version": "1", "message": "ERROR: Hidden Testcases server unreachable.", "problem_id": "ads2_m6_a1_1", "user_id": "ChaitanyaPuritipati", "score": {"sample": {"0": {"execution_time": 0.19889187812805176, "passed": false}, "1": {"execution_time": 0.22739362716674805, "passed": false}, "2": {"execution_time": 0.30017518997192383, "passed": false}, "3": {"execution_time": 0.22539925575256348, "passed": false}, "4": {"execution_time": 0.2373979091644287, "passed": false}, "5": {"execution_time": 0.22735309600830078, "passed": false}, "6": {"execution_time": 0.202864408493042, "passed": false}, "7": {"execution_time": 0.23342084884643555, "passed": false}, "8": {"execution_time": 0.20046257972717285, "passed": false}, "9": {"execution_time": 0.2014615535736084, "passed": false}, "10": {"execution_time": 0.20245647430419922, "passed": false}, "11": {"execution_time": 0.23537182807922363, "passed": false}}}, "check_style_score": "0/1"}