{"version": "1", "message": "ERROR: Hidden Testcases server unreachable.", "problem_id": "ads2_m6_a1_1", "user_id": "ChaitanyaPuritipati", "score": {"sample": {"0": {"execution_time": 0.20245718955993652, "passed": false}, "1": {"execution_time": 0.21442842483520508, "passed": false}, "2": {"execution_time": 0.21143651008605957, "passed": false}, "3": {"execution_time": 0.20847845077514648, "passed": false}, "4": {"execution_time": 0.21555495262145996, "passed": false}, "5": {"execution_time": 0.20944428443908691, "passed": false}, "6": {"execution_time": 0.2184150218963623, "passed": true}, "7": {"execution_time": 0.24733853340148926, "passed": false}, "8": {"execution_time": 0.21841859817504883, "passed": true}, "9": {"execution_time": 0.23732972145080566, "passed": false}, "10": {"execution_time": 0.21944522857666016, "passed": true}, "11": {"execution_time": 0.2303776741027832, "passed": false}}}, "check_style_score": "0/1"}