{"version": "1", "message": "ERROR: Hidden Testcases server unreachable.", "problem_id": "ads2_m6_a1_1", "user_id": "ChaitanyaPuritipati", "score": {"sample": {"0": {"execution_time": 0.20844173431396484, "passed": false}, "1": {"execution_time": 0.20246028900146484, "passed": false}, "2": {"execution_time": 0.22343969345092773, "passed": false}, "3": {"execution_time": 0.2104339599609375, "passed": false}, "4": {"execution_time": 0.24135136604309082, "passed": false}, "5": {"execution_time": 0.20641207695007324, "passed": false}, "6": {"execution_time": 0.27226734161376953, "passed": false}, "7": {"execution_time": 0.21642303466796875, "passed": false}, "8": {"execution_time": 0.20445942878723145, "passed": false}, "9": {"execution_time": 0.2234048843383789, "passed": false}, "10": {"execution_time": 0.22644329071044922, "passed": false}, "11": {"execution_time": 0.21442437171936035, "passed": false}}}, "check_style_score": "0/1"}