{"version": "1", "message": "ERROR: Hidden Testcases server unreachable.", "problem_id": "ads2_m6_a1_1", "user_id": "ChaitanyaPuritipati", "score": {"sample": {"0": {"execution_time": 0.2114267349243164, "passed": true}, "1": {"execution_time": 0.2154240608215332, "passed": false}, "2": {"execution_time": 0.2124338150024414, "passed": false}, "3": {"execution_time": 0.22247958183288574, "passed": false}, "4": {"execution_time": 0.22737622261047363, "passed": false}, "5": {"execution_time": 0.23935580253601074, "passed": false}, "6": {"execution_time": 0.21642303466796875, "passed": true}, "7": {"execution_time": 0.2313823699951172, "passed": false}, "8": {"execution_time": 0.23337364196777344, "passed": true}, "9": {"execution_time": 0.2383115291595459, "passed": false}, "10": {"execution_time": 0.20844459533691406, "passed": true}, "11": {"execution_time": 0.20847821235656738, "passed": false}}}, "check_style_score": "0/1"}