{"version": "1", "message": "ERROR: Hidden Testcases server unreachable.", "problem_id": "ads2_m6_a1_1", "user_id": "ChaitanyaPuritipati", "score": {"sample": {"0": {"execution_time": 0.3229708671569824, "passed": false}, "1": {"execution_time": 0.31988525390625, "passed": false}, "2": {"execution_time": 0.29720520973205566, "passed": false}, "3": {"execution_time": 0.31070947647094727, "passed": false}, "4": {"execution_time": 0.27526378631591797, "passed": false}, "5": {"execution_time": 0.32318735122680664, "passed": true}, "6": {"execution_time": 0.354053258895874, "passed": true}, "7": {"execution_time": 0.273273229598999, "passed": false}, "8": {"execution_time": 0.32512927055358887, "passed": true}, "9": {"execution_time": 0.3481168746948242, "passed": false}, "10": {"execution_time": 0.3301217555999756, "passed": true}, "11": {"execution_time": 0.3032388687133789, "passed": false}}}, "check_style_score": "0/1"}