{"version": "1", "message": "ERROR: Hidden Testcases server unreachable.", "problem_id": "ads2_m6_a1_1", "user_id": "ChaitanyaPuritipati", "score": {"sample": {"0": {"execution_time": 0.2263944149017334, "passed": false}, "1": {"execution_time": 0.20146846771240234, "passed": false}, "2": {"execution_time": 0.2184150218963623, "passed": false}, "3": {"execution_time": 0.23237872123718262, "passed": false}, "4": {"execution_time": 0.20245766639709473, "passed": false}, "5": {"execution_time": 0.2234025001525879, "passed": false}, "6": {"execution_time": 0.20245766639709473, "passed": false}, "7": {"execution_time": 0.27227354049682617, "passed": false}, "8": {"execution_time": 0.25232625007629395, "passed": false}, "9": {"execution_time": 0.20544886589050293, "passed": false}, "10": {"execution_time": 0.23139095306396484, "passed": false}, "11": {"execution_time": 0.21638870239257812, "passed": false}}}, "check_style_score": "0/1"}