{"version": "1", "message": "ERROR: Hidden Testcases server unreachable.", "problem_id": "ads2_m6_a1_1", "user_id": "ChaitanyaPuritipati", "score": {"sample": {"0": {"execution_time": 0.2936394214630127, "passed": false}, "1": {"execution_time": 0.29095029830932617, "passed": false}, "2": {"execution_time": 0.5266256332397461, "passed": false}, "3": {"execution_time": 0.49004602432250977, "passed": false}, "4": {"execution_time": 0.5673160552978516, "passed": true}, "5": {"execution_time": 0.5687048435211182, "passed": false}, "6": {"execution_time": 0.49402594566345215, "passed": true}, "7": {"execution_time": 0.2560615539550781, "passed": false}, "8": {"execution_time": 0.3102269172668457, "passed": true}, "9": {"execution_time": 0.35599660873413086, "passed": true}, "10": {"execution_time": 0.28774046897888184, "passed": true}, "11": {"execution_time": 0.3919548988342285, "passed": false}}}, "check_style_score": "0/1"}