{"version": "1", "message": "ERROR: Hidden Testcases server unreachable.", "problem_id": "ads2_m6_a1_1", "user_id": "ChaitanyaPuritipati", "score": {"sample": {"0": {"execution_time": 0.2573118209838867, "passed": false}, "1": {"execution_time": 0.21243786811828613, "passed": false}, "2": {"execution_time": 0.2234029769897461, "passed": false}, "3": {"execution_time": 0.3892250061035156, "passed": false}, "4": {"execution_time": 0.4059162139892578, "passed": false}, "5": {"execution_time": 0.37302231788635254, "passed": false}, "6": {"execution_time": 0.38198208808898926, "passed": false}, "7": {"execution_time": 0.443814754486084, "passed": false}, "8": {"execution_time": 0.4288461208343506, "passed": false}, "9": {"execution_time": 0.2912135124206543, "passed": false}, "10": {"execution_time": 0.2971346378326416, "passed": false}, "11": {"execution_time": 0.21103978157043457, "passed": false}}}, "check_style_score": "0/1"}