{"version": "1", "message": "ERROR: Hidden Testcases server unreachable.", "problem_id": "ads2_m6_a1_1", "user_id": "ChaitanyaPuritipati", "score": {"sample": {"0": {"execution_time": 0.23037981986999512, "passed": true}, "1": {"execution_time": 0.2124316692352295, "passed": false}, "2": {"execution_time": 0.23736572265625, "passed": false}, "3": {"execution_time": 0.20949077606201172, "passed": false}, "4": {"execution_time": 0.20844364166259766, "passed": false}, "5": {"execution_time": 0.2044994831085205, "passed": false}, "6": {"execution_time": 0.21641945838928223, "passed": true}, "7": {"execution_time": 0.2054762840270996, "passed": false}, "8": {"execution_time": 0.23041534423828125, "passed": true}, "9": {"execution_time": 0.229339599609375, "passed": false}, "10": {"execution_time": 0.19842886924743652, "passed": true}, "11": {"execution_time": 0.23736190795898438, "passed": false}}}, "check_style_score": "0/1"}