{"version": "1", "message": "ERROR: Hidden Testcases server unreachable.", "problem_id": "ads2_m6_a1_1", "user_id": "ChaitanyaPuritipati", "score": {"sample": {"0": {"execution_time": 0.3819742202758789, "passed": false}, "1": {"execution_time": 0.29863476753234863, "passed": false}, "2": {"execution_time": 0.34642887115478516, "passed": false}, "3": {"execution_time": 0.38992738723754883, "passed": false}, "4": {"execution_time": 0.31914710998535156, "passed": false}, "5": {"execution_time": 0.34906744956970215, "passed": false}, "6": {"execution_time": 0.31818604469299316, "passed": false}, "7": {"execution_time": 0.29820871353149414, "passed": false}, "8": {"execution_time": 0.33809614181518555, "passed": false}, "9": {"execution_time": 0.3610363006591797, "passed": false}, "10": {"execution_time": 0.27825188636779785, "passed": false}, "11": {"execution_time": 0.42290520668029785, "passed": false}}}, "check_style_score": "0/1"}