{"version": "1", "message": "ERROR: Hidden Testcases server unreachable.", "problem_id": "ads2_m6_a1_1", "user_id": "ChaitanyaPuritipati", "score": {"sample": {"0": {"execution_time": 0.3271641731262207, "passed": false}, "1": {"execution_time": 0.28563594818115234, "passed": false}, "2": {"execution_time": 0.30121660232543945, "passed": false}, "3": {"execution_time": 0.3450446128845215, "passed": false}, "4": {"execution_time": 0.49171948432922363, "passed": true}, "5": {"execution_time": 0.5594987869262695, "passed": false}, "6": {"execution_time": 0.4777209758758545, "passed": true}, "7": {"execution_time": 0.31914854049682617, "passed": false}, "8": {"execution_time": 0.2871980667114258, "passed": true}, "9": {"execution_time": 0.2733001708984375, "passed": true}, "10": {"execution_time": 0.2682766914367676, "passed": true}, "11": {"execution_time": 0.40416979789733887, "passed": false}}}, "check_style_score": "0/1"}