{"version": "1", "message": "ERROR: Hidden Testcases server unreachable.", "problem_id": "ads2_m6_a1_1", "user_id": "ChaitanyaPuritipati", "score": {"sample": {"0": {"execution_time": 0.2074449062347412, "passed": false}, "1": {"execution_time": 0.17752528190612793, "passed": false}, "2": {"execution_time": 0.17848706245422363, "passed": false}, "3": {"execution_time": 0.19249415397644043, "passed": false}, "4": {"execution_time": 0.21642017364501953, "passed": false}, "5": {"execution_time": 0.20944547653198242, "passed": false}, "6": {"execution_time": 0.17653822898864746, "passed": false}, "7": {"execution_time": 0.18949270248413086, "passed": false}, "8": {"execution_time": 0.20644450187683105, "passed": false}, "9": {"execution_time": 0.23241949081420898, "passed": false}, "10": {"execution_time": 0.1765460968017578, "passed": false}, "11": {"execution_time": 0.2054462432861328, "passed": false}}}, "check_style_score": "0/1"}