{"version": "1", "message": "ERROR: Hidden Testcases server unreachable.", "problem_id": "ads2_m6_a1_1", "user_id": "ChaitanyaPuritipati", "score": {"sample": {"0": {"execution_time": 0.21342992782592773, "passed": false}, "1": {"execution_time": 0.2652852535247803, "passed": false}, "2": {"execution_time": 0.20750093460083008, "passed": false}, "3": {"execution_time": 0.29972314834594727, "passed": false}, "4": {"execution_time": 0.256303071975708, "passed": false}, "5": {"execution_time": 0.22038030624389648, "passed": false}, "6": {"execution_time": 0.21844911575317383, "passed": false}, "7": {"execution_time": 0.2413630485534668, "passed": false}, "8": {"execution_time": 0.21442461013793945, "passed": false}, "9": {"execution_time": 0.2234029769897461, "passed": false}, "10": {"execution_time": 0.4038982391357422, "passed": false}, "11": {"execution_time": 0.31320810317993164, "passed": false}}}, "check_style_score": "0/1"}