{"version": "1", "message": "ERROR: Hidden Testcases server unreachable.", "problem_id": "ads2_m6_a1_1", "user_id": "ChaitanyaPuritipati", "score": {"sample": {"0": {"execution_time": 0.22739171981811523, "passed": false}, "1": {"execution_time": 0.25930166244506836, "passed": false}, "2": {"execution_time": 0.22943806648254395, "passed": false}, "3": {"execution_time": 0.25332093238830566, "passed": false}, "4": {"execution_time": 0.23836326599121094, "passed": false}, "5": {"execution_time": 0.25635552406311035, "passed": false}, "6": {"execution_time": 0.20785117149353027, "passed": false}, "7": {"execution_time": 0.22037529945373535, "passed": false}, "8": {"execution_time": 0.2124340534210205, "passed": false}, "9": {"execution_time": 0.25831007957458496, "passed": false}, "10": {"execution_time": 0.24635839462280273, "passed": false}, "11": {"execution_time": 0.25331974029541016, "passed": false}}}, "check_style_score": "0/1"}