{"version": "1", "message": "ERROR: Hidden Testcases server unreachable.", "problem_id": "ads2_m6_a1_1", "user_id": "ChaitanyaPuritipati", "score": {"sample": {"0": {"execution_time": 0.2623472213745117, "passed": false}, "1": {"execution_time": 0.25934338569641113, "passed": false}, "2": {"execution_time": 0.23874497413635254, "passed": false}, "3": {"execution_time": 0.3411283493041992, "passed": false}, "4": {"execution_time": 0.2074439525604248, "passed": false}, "5": {"execution_time": 0.501706600189209, "passed": false}, "6": {"execution_time": 0.24678969383239746, "passed": false}, "7": {"execution_time": 0.33411383628845215, "passed": false}, "8": {"execution_time": 0.24087142944335938, "passed": false}, "9": {"execution_time": 0.21383166313171387, "passed": false}, "10": {"execution_time": 0.2263965606689453, "passed": false}, "11": {"execution_time": 0.28664422035217285, "passed": false}}}, "check_style_score": "0/1"}