{"version": "1", "message": "ERROR: Hidden Testcases server unreachable.", "problem_id": "ads2_m6_a1_1", "user_id": "ChaitanyaPuritipati", "score": {"sample": {"0": {"execution_time": 0.31515979766845703, "passed": false}, "1": {"execution_time": 0.390139102935791, "passed": false}, "2": {"execution_time": 0.3091764450073242, "passed": false}, "3": {"execution_time": 0.30219340324401855, "passed": false}, "4": {"execution_time": 0.29221391677856445, "passed": true}, "5": {"execution_time": 0.32276010513305664, "passed": false}, "6": {"execution_time": 0.2812504768371582, "passed": true}, "7": {"execution_time": 0.384976863861084, "passed": false}, "8": {"execution_time": 0.3643968105316162, "passed": true}, "9": {"execution_time": 0.2934081554412842, "passed": true}, "10": {"execution_time": 0.3435938358306885, "passed": true}, "11": {"execution_time": 0.35608863830566406, "passed": false}}}, "check_style_score": "0/1"}