{"version": "1", "message": "ERROR: Hidden Testcases server unreachable.", "problem_id": "ads2_m6_a1_1", "user_id": "ChaitanyaPuritipati", "score": {"sample": {"0": {"execution_time": 0.19053149223327637, "passed": false}, "1": {"execution_time": 0.20744800567626953, "passed": false}, "2": {"execution_time": 0.1874983310699463, "passed": false}, "3": {"execution_time": 0.22439861297607422, "passed": false}, "4": {"execution_time": 0.19148898124694824, "passed": false}, "5": {"execution_time": 0.2343733310699463, "passed": false}, "6": {"execution_time": 0.20644664764404297, "passed": false}, "7": {"execution_time": 0.19344019889831543, "passed": false}, "8": {"execution_time": 0.19647526741027832, "passed": false}, "9": {"execution_time": 0.20142292976379395, "passed": false}, "10": {"execution_time": 0.18550610542297363, "passed": false}, "11": {"execution_time": 0.2822458744049072, "passed": false}}}, "check_style_score": "0/1"}