{"version": "1", "message": "ERROR: Hidden Testcases server unreachable.", "problem_id": "ads2_m6_a1_1", "user_id": "ChaitanyaPuritipati", "score": {"sample": {"0": {"execution_time": 0.3081471920013428, "passed": false}, "1": {"execution_time": 0.3800230026245117, "passed": false}, "2": {"execution_time": 0.3799862861633301, "passed": false}, "3": {"execution_time": 0.4857046604156494, "passed": false}, "4": {"execution_time": 0.3690152168273926, "passed": false}, "5": {"execution_time": 0.4079124927520752, "passed": false}, "6": {"execution_time": 0.30861496925354004, "passed": false}, "7": {"execution_time": 0.3341069221496582, "passed": false}, "8": {"execution_time": 0.4059131145477295, "passed": false}, "9": {"execution_time": 0.43496203422546387, "passed": false}, "10": {"execution_time": 0.3580474853515625, "passed": false}, "11": {"execution_time": 0.5435442924499512, "passed": false}}}, "check_style_score": "0/1"}