{"version": "1", "message": "ERROR: Hidden Testcases server unreachable.", "problem_id": "ads2_m6_a1_1", "user_id": "ChaitanyaPuritipati", "score": {"sample": {"0": {"execution_time": 0.7290909290313721, "passed": false}, "1": {"execution_time": 0.7200732231140137, "passed": false}, "2": {"execution_time": 0.7101178169250488, "passed": false}, "3": {"execution_time": 0.7858994007110596, "passed": false}, "4": {"execution_time": 0.886589527130127, "passed": false}, "5": {"execution_time": 0.36901307106018066, "passed": false}, "6": {"execution_time": 0.29919981956481934, "passed": false}, "7": {"execution_time": 0.3191831111907959, "passed": false}, "8": {"execution_time": 0.40890955924987793, "passed": false}, "9": {"execution_time": 0.4746980667114258, "passed": false}, "10": {"execution_time": 0.30620718002319336, "passed": false}, "11": {"execution_time": 0.6073758602142334, "passed": false}}}, "check_style_score": "0/1"}