{"version": "1", "message": "ERROR: Hidden Testcases server unreachable.", "problem_id": "ads2_m6_a1_1", "user_id": "ChaitanyaPuritipati", "score": {"sample": {"0": {"execution_time": 0.5995144844055176, "passed": false}, "1": {"execution_time": 0.768996000289917, "passed": false}, "2": {"execution_time": 0.601860523223877, "passed": false}, "3": {"execution_time": 0.5026633739471436, "passed": false}, "4": {"execution_time": 0.5455992221832275, "passed": true}, "5": {"execution_time": 0.5455398559570312, "passed": false}, "6": {"execution_time": 0.5484967231750488, "passed": true}, "7": {"execution_time": 0.8178632259368896, "passed": false}, "8": {"execution_time": 0.8933615684509277, "passed": true}, "9": {"execution_time": 0.562382698059082, "passed": true}, "10": {"execution_time": 0.6353554725646973, "passed": true}, "11": {"execution_time": 0.6773569583892822, "passed": false}}}, "check_style_score": "0/1"}