{"version": "1", "message": "ERROR: Hidden Testcases server unreachable.", "problem_id": "ads2_m6_a1_1", "user_id": "ChaitanyaPuritipati", "score": {"sample": {"0": {"execution_time": 0.220412015914917, "passed": false}, "1": {"execution_time": 0.2593069076538086, "passed": false}, "2": {"execution_time": 0.2433483600616455, "passed": false}, "3": {"execution_time": 0.2513253688812256, "passed": false}, "4": {"execution_time": 0.2473909854888916, "passed": false}, "5": {"execution_time": 0.2124345302581787, "passed": false}, "6": {"execution_time": 0.2124321460723877, "passed": false}, "7": {"execution_time": 0.23537135124206543, "passed": false}, "8": {"execution_time": 0.2842409610748291, "passed": false}, "9": {"execution_time": 0.22739338874816895, "passed": false}, "10": {"execution_time": 0.2413177490234375, "passed": false}, "11": {"execution_time": 0.23936057090759277, "passed": false}}}, "check_style_score": "0/1"}