{"version": "1", "message": "ERROR: Hidden Testcases server unreachable.", "problem_id": "ads2_m6_a1_1", "user_id": "ChaitanyaPuritipati", "score": {"sample": {"0": {"execution_time": 0.20545101165771484, "passed": false}, "1": {"execution_time": 0.21741509437561035, "passed": false}, "2": {"execution_time": 0.22037720680236816, "passed": false}, "3": {"execution_time": 0.27526235580444336, "passed": false}, "4": {"execution_time": 0.22440147399902344, "passed": true}, "5": {"execution_time": 0.2523226737976074, "passed": false}, "6": {"execution_time": 0.2562742233276367, "passed": true}, "7": {"execution_time": 0.2283928394317627, "passed": false}, "8": {"execution_time": 0.21346354484558105, "passed": true}, "9": {"execution_time": 0.23237895965576172, "passed": true}, "10": {"execution_time": 0.19482874870300293, "passed": true}, "11": {"execution_time": 0.2433159351348877, "passed": false}}}, "check_style_score": "0/1"}