{"version": "1", "message": "ERROR: Hidden Testcases server unreachable.", "problem_id": "ads2_m6_a1_1", "user_id": "ChaitanyaPuritipati", "score": {"sample": {"0": {"execution_time": 0.22342467308044434, "passed": false}, "1": {"execution_time": 0.31239962577819824, "passed": false}, "2": {"execution_time": 0.3111684322357178, "passed": false}, "3": {"execution_time": 0.31523871421813965, "passed": false}, "4": {"execution_time": 0.26728200912475586, "passed": false}, "5": {"execution_time": 0.2662782669067383, "passed": false}, "6": {"execution_time": 0.238328218460083, "passed": false}, "7": {"execution_time": 0.22953104972839355, "passed": false}, "8": {"execution_time": 0.2084805965423584, "passed": false}, "9": {"execution_time": 0.2633523941040039, "passed": false}, "10": {"execution_time": 0.2782561779022217, "passed": false}, "11": {"execution_time": 0.2992570400238037, "passed": false}}}, "check_style_score": "0/1"}