{"version": "1", "message": "ERROR: Hidden Testcases server unreachable.", "problem_id": "ads2_m6_a1_1", "user_id": "ChaitanyaPuritipati", "score": {"sample": {"0": {"execution_time": 0.24235272407531738, "passed": false}, "1": {"execution_time": 0.40464138984680176, "passed": false}, "2": {"execution_time": 0.3829808235168457, "passed": false}, "3": {"execution_time": 0.39672017097473145, "passed": false}, "4": {"execution_time": 0.4118950366973877, "passed": false}, "5": {"execution_time": 0.3859729766845703, "passed": false}, "6": {"execution_time": 0.3700098991394043, "passed": false}, "7": {"execution_time": 0.3956413269042969, "passed": false}, "8": {"execution_time": 0.38513755798339844, "passed": false}, "9": {"execution_time": 0.37551236152648926, "passed": false}, "10": {"execution_time": 0.4019200801849365, "passed": false}, "11": {"execution_time": 0.34220314025878906, "passed": false}}}, "check_style_score": "0/1"}