{"version": "1", "message": "ERROR: Hidden Testcases server unreachable.", "problem_id": "ads2_m6_a1_1", "user_id": "ChaitanyaPuritipati", "score": {"sample": {"0": {"execution_time": 0.22140979766845703, "passed": false}, "1": {"execution_time": 0.22838830947875977, "passed": false}, "2": {"execution_time": 0.2393660545349121, "passed": false}, "3": {"execution_time": 0.2812955379486084, "passed": false}, "4": {"execution_time": 0.23836445808410645, "passed": false}, "5": {"execution_time": 0.23836278915405273, "passed": true}, "6": {"execution_time": 0.21944808959960938, "passed": true}, "7": {"execution_time": 0.23038506507873535, "passed": false}, "8": {"execution_time": 0.231428861618042, "passed": true}, "9": {"execution_time": 0.2533233165740967, "passed": false}, "10": {"execution_time": 0.21941304206848145, "passed": true}, "11": {"execution_time": 0.248337984085083, "passed": false}}}, "check_style_score": "0/1"}