{"version": "1", "message": "ERROR: Hidden Testcases server unreachable.", "problem_id": "ads2_m6_a1_1", "user_id": "ChaitanyaPuritipati", "score": {"sample": {"0": {"execution_time": 0.23636698722839355, "passed": false}, "1": {"execution_time": 0.2263960838317871, "passed": false}, "2": {"execution_time": 0.21642613410949707, "passed": false}, "3": {"execution_time": 0.36702609062194824, "passed": false}, "4": {"execution_time": 0.25033068656921387, "passed": false}, "5": {"execution_time": 0.21345186233520508, "passed": false}, "6": {"execution_time": 0.20244789123535156, "passed": false}, "7": {"execution_time": 0.21055340766906738, "passed": false}, "8": {"execution_time": 0.21048402786254883, "passed": false}, "9": {"execution_time": 0.2153782844543457, "passed": false}, "10": {"execution_time": 0.21549773216247559, "passed": false}, "11": {"execution_time": 0.24834394454956055, "passed": false}}}, "check_style_score": "0/1"}