{"version": "1", "message": "ERROR: Hidden Testcases server unreachable.", "problem_id": "ads2_m6_a1_1", "user_id": "ChaitanyaPuritipati", "score": {"sample": {"0": {"execution_time": 0.3390936851501465, "passed": false}, "1": {"execution_time": 0.26928019523620605, "passed": false}, "2": {"execution_time": 0.2164320945739746, "passed": false}, "3": {"execution_time": 0.2453923225402832, "passed": false}, "4": {"execution_time": 0.2538769245147705, "passed": false}, "5": {"execution_time": 0.2540709972381592, "passed": false}, "6": {"execution_time": 0.33310961723327637, "passed": false}, "7": {"execution_time": 0.2772555351257324, "passed": false}, "8": {"execution_time": 0.2706286907196045, "passed": false}, "9": {"execution_time": 0.2863047122955322, "passed": false}, "10": {"execution_time": 0.22200703620910645, "passed": false}, "11": {"execution_time": 0.28621554374694824, "passed": false}}}, "check_style_score": "0/1"}