{"version": "1", "message": "ERROR: Hidden Testcases server unreachable.", "problem_id": "ads2_m6_a1_1", "user_id": "ChaitanyaPuritipati", "score": {"sample": {"0": {"execution_time": 0.2572662830352783, "passed": false}, "1": {"execution_time": 0.2952113151550293, "passed": false}, "2": {"execution_time": 0.28224754333496094, "passed": false}, "3": {"execution_time": 0.3749990463256836, "passed": false}, "4": {"execution_time": 0.334104061126709, "passed": false}, "5": {"execution_time": 0.32509708404541016, "passed": false}, "6": {"execution_time": 0.2822725772857666, "passed": false}, "7": {"execution_time": 0.3091757297515869, "passed": false}, "8": {"execution_time": 0.3202049732208252, "passed": false}, "9": {"execution_time": 0.33104801177978516, "passed": false}, "10": {"execution_time": 0.24235248565673828, "passed": false}, "11": {"execution_time": 0.42885375022888184, "passed": false}}}, "check_style_score": "0/1"}