{"version": "1", "message": "ERROR: Hidden Testcases server unreachable.", "problem_id": "ads2_m6_a1_1", "user_id": "ChaitanyaPuritipati", "score": {"sample": {"0": {"execution_time": 0.22240543365478516, "passed": false}, "1": {"execution_time": 0.21546363830566406, "passed": false}, "2": {"execution_time": 0.22338151931762695, "passed": false}, "3": {"execution_time": 0.2652876377105713, "passed": false}, "4": {"execution_time": 0.21642208099365234, "passed": false}, "5": {"execution_time": 0.24139142036437988, "passed": false}, "6": {"execution_time": 0.24534273147583008, "passed": true}, "7": {"execution_time": 0.23636364936828613, "passed": false}, "8": {"execution_time": 0.21638870239257812, "passed": true}, "9": {"execution_time": 0.2433490753173828, "passed": false}, "10": {"execution_time": 0.19747304916381836, "passed": true}, "11": {"execution_time": 0.24135422706604004, "passed": false}}}, "check_style_score": "0/1"}