{"version": "1", "message": "ERROR: Hidden Testcases server unreachable.", "problem_id": "ads2_m6_a1_1", "user_id": "ChaitanyaPuritipati", "score": {"sample": {"0": {"execution_time": 0.43184518814086914, "passed": false}, "1": {"execution_time": 0.38803696632385254, "passed": false}, "2": {"execution_time": 0.3650238513946533, "passed": false}, "3": {"execution_time": 0.4777247905731201, "passed": false}, "4": {"execution_time": 0.4947524070739746, "passed": false}, "5": {"execution_time": 0.46176600456237793, "passed": false}, "6": {"execution_time": 0.3869476318359375, "passed": false}, "7": {"execution_time": 0.4029233455657959, "passed": false}, "8": {"execution_time": 0.49567437171936035, "passed": false}, "9": {"execution_time": 0.4448108673095703, "passed": false}, "10": {"execution_time": 0.3610341548919678, "passed": false}, "11": {"execution_time": 0.6133582592010498, "passed": false}}}, "check_style_score": "0/1"}