{"version": "1", "message": "ERROR: Hidden Testcases server unreachable.", "problem_id": "ads2_m6_a1_1", "user_id": "ChaitanyaPuritipati", "score": {"sample": {"0": {"execution_time": 0.3679633140563965, "passed": false}, "1": {"execution_time": 0.34108638763427734, "passed": false}, "2": {"execution_time": 0.26030468940734863, "passed": false}, "3": {"execution_time": 0.2872331142425537, "passed": false}, "4": {"execution_time": 0.27297043800354004, "passed": false}, "5": {"execution_time": 0.3900144100189209, "passed": true}, "6": {"execution_time": 0.3470616340637207, "passed": true}, "7": {"execution_time": 0.32889342308044434, "passed": false}, "8": {"execution_time": 0.3630251884460449, "passed": true}, "9": {"execution_time": 0.28224682807922363, "passed": false}, "10": {"execution_time": 0.3980562686920166, "passed": true}, "11": {"execution_time": 0.27724575996398926, "passed": false}}}, "check_style_score": "0/1"}