{"version": "1", "message": "ERROR: Hidden Testcases server unreachable.", "problem_id": "ads2_m6_a1_1", "user_id": "ChaitanyaPuritipati", "score": {"sample": {"0": {"execution_time": 0.38802337646484375, "passed": false}, "1": {"execution_time": 0.32413244247436523, "passed": false}, "2": {"execution_time": 0.2673013210296631, "passed": false}, "3": {"execution_time": 0.2823035717010498, "passed": false}, "4": {"execution_time": 0.2703235149383545, "passed": false}, "5": {"execution_time": 0.3619818687438965, "passed": true}, "6": {"execution_time": 0.33510470390319824, "passed": true}, "7": {"execution_time": 0.2862277030944824, "passed": false}, "8": {"execution_time": 0.2822458744049072, "passed": true}, "9": {"execution_time": 0.3663458824157715, "passed": false}, "10": {"execution_time": 0.2423572540283203, "passed": true}, "11": {"execution_time": 0.331068754196167, "passed": false}}}, "check_style_score": "0/1"}