{"version": "1", "message": "ERROR: Hidden Testcases server unreachable.", "problem_id": "ads2_m6_a1_1", "user_id": "ChaitanyaPuritipati", "score": {"sample": {"0": {"execution_time": 0.37004876136779785, "passed": false}, "1": {"execution_time": 0.3710002899169922, "passed": false}, "2": {"execution_time": 0.39793992042541504, "passed": false}, "3": {"execution_time": 0.5286171436309814, "passed": false}, "4": {"execution_time": 0.5156173706054688, "passed": false}, "5": {"execution_time": 0.6083736419677734, "passed": false}, "6": {"execution_time": 0.40392112731933594, "passed": false}, "7": {"execution_time": 0.4747307300567627, "passed": false}, "8": {"execution_time": 0.4099130630493164, "passed": false}, "9": {"execution_time": 0.5355713367462158, "passed": false}, "10": {"execution_time": 0.34911251068115234, "passed": false}, "11": {"execution_time": 0.6043856143951416, "passed": false}}}, "check_style_score": "0/1"}