{"version": "1", "message": "ERROR: Hidden Testcases server unreachable.", "problem_id": "ads2_m6_a1_1", "user_id": "ChaitanyaPuritipati", "score": {"sample": {"0": {"execution_time": 0.20346665382385254, "passed": false}, "1": {"execution_time": 0.22440195083618164, "passed": false}, "2": {"execution_time": 0.2293868064880371, "passed": false}, "3": {"execution_time": 0.21642351150512695, "passed": false}, "4": {"execution_time": 0.2303469181060791, "passed": false}, "5": {"execution_time": 0.2034921646118164, "passed": false}, "6": {"execution_time": 0.22539973258972168, "passed": false}, "7": {"execution_time": 0.2214038372039795, "passed": false}, "8": {"execution_time": 0.26923561096191406, "passed": false}, "9": {"execution_time": 0.2005481719970703, "passed": false}, "10": {"execution_time": 0.20844268798828125, "passed": false}, "11": {"execution_time": 0.3121664524078369, "passed": false}}}, "check_style_score": "0/1"}