{"version": "1", "message": "ERROR: Hidden Testcases server unreachable.", "problem_id": "ads2_m6_a1_1", "user_id": "ChaitanyaPuritipati", "score": {"sample": {"0": {"execution_time": 0.2781839370727539, "passed": false}, "1": {"execution_time": 0.302227258682251, "passed": false}, "2": {"execution_time": 0.2952103614807129, "passed": false}, "3": {"execution_time": 0.35509729385375977, "passed": false}, "4": {"execution_time": 0.33405494689941406, "passed": false}, "5": {"execution_time": 0.3500645160675049, "passed": false}, "6": {"execution_time": 0.3680152893066406, "passed": false}, "7": {"execution_time": 0.30724287033081055, "passed": false}, "8": {"execution_time": 0.3121647834777832, "passed": false}, "9": {"execution_time": 0.33211779594421387, "passed": false}, "10": {"execution_time": 0.26425743103027344, "passed": false}, "11": {"execution_time": 0.40990424156188965, "passed": false}}}, "check_style_score": "0/1"}