{"version": "1", "message": "ERROR: Hidden Testcases server unreachable.", "problem_id": "ads2_m6_a1_1", "user_id": "ChaitanyaPuritipati", "score": {"sample": {"0": {"execution_time": 0.7988922595977783, "passed": false}, "1": {"execution_time": 0.2782580852508545, "passed": false}, "2": {"execution_time": 0.30025506019592285, "passed": false}, "3": {"execution_time": 0.39286327362060547, "passed": false}, "4": {"execution_time": 0.30916619300842285, "passed": true}, "5": {"execution_time": 0.30717968940734863, "passed": false}, "6": {"execution_time": 0.31531429290771484, "passed": true}, "7": {"execution_time": 0.2932133674621582, "passed": false}, "8": {"execution_time": 0.2513294219970703, "passed": true}, "9": {"execution_time": 0.2742881774902344, "passed": true}, "10": {"execution_time": 0.45079922676086426, "passed": true}, "11": {"execution_time": 0.5372557640075684, "passed": false}}}, "check_style_score": "0/1"}