{"version": "1", "message": "ERROR: Hidden Testcases server unreachable.", "problem_id": "ads2_m6_a1_1", "user_id": "ChaitanyaPuritipati", "score": {"sample": {"0": {"execution_time": 0.23138165473937988, "passed": false}, "1": {"execution_time": 0.22444987297058105, "passed": false}, "2": {"execution_time": 0.2543222904205322, "passed": false}, "3": {"execution_time": 0.2483372688293457, "passed": false}, "4": {"execution_time": 0.23237824440002441, "passed": true}, "5": {"execution_time": 0.29129481315612793, "passed": false}, "6": {"execution_time": 0.2513282299041748, "passed": true}, "7": {"execution_time": 0.6417300701141357, "passed": false}, "8": {"execution_time": 0.24734020233154297, "passed": true}, "9": {"execution_time": 0.2543215751647949, "passed": true}, "10": {"execution_time": 0.22539925575256348, "passed": true}, "11": {"execution_time": 0.24534201622009277, "passed": false}}}, "check_style_score": "0/1"}