{"version": "1", "message": "ERROR: Hidden Testcases server unreachable.", "problem_id": "ads2_m6_a1_1", "user_id": "ChaitanyaPuritipati", "score": {"sample": {"0": {"execution_time": 0.5116095542907715, "passed": false}, "1": {"execution_time": 0.5704748630523682, "passed": false}, "2": {"execution_time": 0.671607494354248, "passed": false}, "3": {"execution_time": 0.5515258312225342, "passed": false}, "4": {"execution_time": 0.515676736831665, "passed": true}, "5": {"execution_time": 0.7161602973937988, "passed": false}, "6": {"execution_time": 0.48191356658935547, "passed": true}, "7": {"execution_time": 0.6063821315765381, "passed": false}, "8": {"execution_time": 0.47677063941955566, "passed": true}, "9": {"execution_time": 0.5086722373962402, "passed": true}, "10": {"execution_time": 0.5625042915344238, "passed": true}, "11": {"execution_time": 0.49308300018310547, "passed": false}}}, "check_style_score": "0/1"}