{"version": "1", "message": "ERROR: Hidden Testcases server unreachable.", "problem_id": "ads2_m6_a1_1", "user_id": "ChaitanyaPuritipati", "score": {"sample": {"0": {"execution_time": 0.1874997615814209, "passed": false}, "1": {"execution_time": 0.20148277282714844, "passed": false}, "2": {"execution_time": 0.20644879341125488, "passed": false}, "3": {"execution_time": 0.21342897415161133, "passed": false}, "4": {"execution_time": 0.20551085472106934, "passed": false}, "5": {"execution_time": 0.2284228801727295, "passed": false}, "6": {"execution_time": 0.23533153533935547, "passed": false}, "7": {"execution_time": 0.1834728717803955, "passed": false}, "8": {"execution_time": 0.20449066162109375, "passed": false}, "9": {"execution_time": 0.2104339599609375, "passed": false}, "10": {"execution_time": 0.19554924964904785, "passed": false}, "11": {"execution_time": 0.21934795379638672, "passed": false}}}, "check_style_score": "0/1"}