{"version": "1", "message": "ERROR: Hidden Testcases server unreachable.", "problem_id": "ads2_m6_a1_1", "user_id": "ChaitanyaPuritipati", "score": {"sample": {"0": {"execution_time": 0.2923543453216553, "passed": false}, "1": {"execution_time": 0.2882680892944336, "passed": false}, "2": {"execution_time": 0.37421655654907227, "passed": false}, "3": {"execution_time": 0.36458849906921387, "passed": false}, "4": {"execution_time": 0.33609962463378906, "passed": true}, "5": {"execution_time": 0.325148344039917, "passed": false}, "6": {"execution_time": 0.34259819984436035, "passed": true}, "7": {"execution_time": 0.37898778915405273, "passed": false}, "8": {"execution_time": 0.3880162239074707, "passed": true}, "9": {"execution_time": 0.2828078269958496, "passed": true}, "10": {"execution_time": 0.3440744876861572, "passed": true}, "11": {"execution_time": 0.31017184257507324, "passed": false}}}, "check_style_score": "0/1"}