{"version": "1", "message": "ERROR: Hidden Testcases server unreachable.", "problem_id": "ads2_m6_a1_1", "user_id": "ChaitanyaPuritipati", "score": {"sample": {"0": {"execution_time": 0.3052377700805664, "passed": false}, "1": {"execution_time": 0.26776719093322754, "passed": false}, "2": {"execution_time": 0.2703268527984619, "passed": false}, "3": {"execution_time": 0.28823280334472656, "passed": false}, "4": {"execution_time": 0.342041015625, "passed": true}, "5": {"execution_time": 0.3778688907623291, "passed": false}, "6": {"execution_time": 0.2603027820587158, "passed": true}, "7": {"execution_time": 0.4188406467437744, "passed": false}, "8": {"execution_time": 0.3301200866699219, "passed": true}, "9": {"execution_time": 0.4398202896118164, "passed": true}, "10": {"execution_time": 0.4178624153137207, "passed": true}, "11": {"execution_time": 0.34906864166259766, "passed": false}}}, "check_style_score": "0/1"}