{"version": "1", "message": "ERROR: Hidden Testcases server unreachable.", "problem_id": "ads2_m6_a1_1", "user_id": "ChaitanyaPuritipati", "score": {"sample": {"0": {"execution_time": 0.31116509437561035, "passed": false}, "1": {"execution_time": 0.31714725494384766, "passed": false}, "2": {"execution_time": 0.29122257232666016, "passed": false}, "3": {"execution_time": 0.31715846061706543, "passed": false}, "4": {"execution_time": 0.293215274810791, "passed": false}, "5": {"execution_time": 0.2914116382598877, "passed": true}, "6": {"execution_time": 0.3480691909790039, "passed": true}, "7": {"execution_time": 0.37100911140441895, "passed": false}, "8": {"execution_time": 0.39394593238830566, "passed": true}, "9": {"execution_time": 0.32413625717163086, "passed": false}, "10": {"execution_time": 0.24636459350585938, "passed": true}, "11": {"execution_time": 0.3247857093811035, "passed": false}}}, "check_style_score": "0/1"}