{"version": "1", "message": "ERROR: Hidden Testcases server unreachable.", "problem_id": "ads2_m6_a1_1", "user_id": "ChaitanyaPuritipati", "score": {"sample": {"0": {"execution_time": 0.2044522762298584, "passed": false}, "1": {"execution_time": 0.2483372688293457, "passed": false}, "2": {"execution_time": 0.2323744297027588, "passed": false}, "3": {"execution_time": 0.24032306671142578, "passed": false}, "4": {"execution_time": 0.24135231971740723, "passed": false}, "5": {"execution_time": 0.25531601905822754, "passed": false}, "6": {"execution_time": 0.2094411849975586, "passed": true}, "7": {"execution_time": 0.23636531829833984, "passed": false}, "8": {"execution_time": 0.26130151748657227, "passed": true}, "9": {"execution_time": 0.22340750694274902, "passed": false}, "10": {"execution_time": 0.2183849811553955, "passed": true}, "11": {"execution_time": 0.2702457904815674, "passed": false}}}, "check_style_score": "0/1"}