{"version": "1", "message": "ERROR: Hidden Testcases server unreachable.", "problem_id": "ads2_m6_a1_1", "user_id": "ChaitanyaPuritipati", "score": {"sample": {"0": {"execution_time": 0.25232481956481934, "passed": false}, "1": {"execution_time": 0.2543182373046875, "passed": false}, "2": {"execution_time": 0.20854878425598145, "passed": false}, "3": {"execution_time": 0.23342418670654297, "passed": false}, "4": {"execution_time": 0.23038411140441895, "passed": true}, "5": {"execution_time": 0.23241710662841797, "passed": false}, "6": {"execution_time": 0.22142267227172852, "passed": true}, "7": {"execution_time": 0.24733400344848633, "passed": false}, "8": {"execution_time": 0.23337292671203613, "passed": true}, "9": {"execution_time": 0.2593066692352295, "passed": true}, "10": {"execution_time": 0.24732661247253418, "passed": true}, "11": {"execution_time": 0.2552945613861084, "passed": false}}}, "check_style_score": "0/1"}