{"version": "1", "message": "ERROR: Hidden Testcases server unreachable.", "problem_id": "ads2_m6_a1_1", "user_id": "ChaitanyaPuritipati", "score": {"sample": {"0": {"execution_time": 0.20246028900146484, "passed": false}, "1": {"execution_time": 0.21043968200683594, "passed": false}, "2": {"execution_time": 0.214463472366333, "passed": false}, "3": {"execution_time": 0.24150633811950684, "passed": false}, "4": {"execution_time": 0.23038172721862793, "passed": false}, "5": {"execution_time": 0.22539496421813965, "passed": false}, "6": {"execution_time": 0.354233980178833, "passed": false}, "7": {"execution_time": 0.28324413299560547, "passed": false}, "8": {"execution_time": 0.23038053512573242, "passed": false}, "9": {"execution_time": 0.2014913558959961, "passed": false}, "10": {"execution_time": 0.22037434577941895, "passed": false}, "11": {"execution_time": 0.23839330673217773, "passed": false}}}, "check_style_score": "0/1"}