{"version": "1", "message": "ERROR: Hidden Testcases server unreachable.", "problem_id": "ads2_m6_a1_1", "user_id": "ChaitanyaPuritipati", "score": {"sample": {"0": {"execution_time": 0.29227709770202637, "passed": false}, "1": {"execution_time": 0.36820292472839355, "passed": false}, "2": {"execution_time": 0.39496731758117676, "passed": false}, "3": {"execution_time": 0.3637044429779053, "passed": false}, "4": {"execution_time": 0.3078877925872803, "passed": false}, "5": {"execution_time": 0.33752942085266113, "passed": false}, "6": {"execution_time": 0.359041690826416, "passed": false}, "7": {"execution_time": 0.36523938179016113, "passed": false}, "8": {"execution_time": 0.4158191680908203, "passed": false}, "9": {"execution_time": 0.31316375732421875, "passed": false}, "10": {"execution_time": 0.28424644470214844, "passed": false}, "11": {"execution_time": 0.38201236724853516, "passed": false}}}, "check_style_score": "0/1"}