{"version": "1", "message": "ERROR: Hidden Testcases server unreachable.", "problem_id": "ads2_m6_a1_1", "user_id": "ChaitanyaPuritipati", "score": {"sample": {"0": {"execution_time": 0.2682650089263916, "passed": false}, "1": {"execution_time": 0.2932298183441162, "passed": false}, "2": {"execution_time": 0.31311941146850586, "passed": false}, "3": {"execution_time": 0.31037068367004395, "passed": false}, "4": {"execution_time": 0.2463088035583496, "passed": false}, "5": {"execution_time": 0.28130173683166504, "passed": false}, "6": {"execution_time": 0.3540470600128174, "passed": true}, "7": {"execution_time": 0.2991983890533447, "passed": false}, "8": {"execution_time": 0.299149751663208, "passed": true}, "9": {"execution_time": 0.3051888942718506, "passed": false}, "10": {"execution_time": 0.3180999755859375, "passed": true}, "11": {"execution_time": 0.3211524486541748, "passed": false}}}, "check_style_score": "0/1"}