{"version": "1", "message": "ERROR: Hidden Testcases server unreachable.", "problem_id": "ads2_m6_a1_1", "user_id": "ChaitanyaPuritipati", "score": {"sample": {"0": {"execution_time": 0.6582422256469727, "passed": false}, "1": {"execution_time": 0.26628851890563965, "passed": false}, "2": {"execution_time": 0.3103773593902588, "passed": false}, "3": {"execution_time": 0.30817389488220215, "passed": false}, "4": {"execution_time": 0.2805960178375244, "passed": false}, "5": {"execution_time": 0.3379855155944824, "passed": true}, "6": {"execution_time": 0.2503702640533447, "passed": true}, "7": {"execution_time": 0.33675074577331543, "passed": false}, "8": {"execution_time": 0.3630256652832031, "passed": true}, "9": {"execution_time": 0.26035594940185547, "passed": false}, "10": {"execution_time": 0.24985384941101074, "passed": true}, "11": {"execution_time": 0.30318760871887207, "passed": false}}}, "check_style_score": "0/1"}