{"version": "1", "message": "ERROR: Hidden Testcases server unreachable.", "problem_id": "ads2_m6_a1_1", "user_id": "ChaitanyaPuritipati", "score": {"sample": {"0": {"execution_time": 0.35205721855163574, "passed": false}, "1": {"execution_time": 0.36696624755859375, "passed": false}, "2": {"execution_time": 0.4198794364929199, "passed": false}, "3": {"execution_time": 0.48370885848999023, "passed": false}, "4": {"execution_time": 0.5315783023834229, "passed": false}, "5": {"execution_time": 0.6522212028503418, "passed": false}, "6": {"execution_time": 0.3480713367462158, "passed": false}, "7": {"execution_time": 0.4777657985687256, "passed": false}, "8": {"execution_time": 0.4318971633911133, "passed": false}, "9": {"execution_time": 0.4996657371520996, "passed": false}, "10": {"execution_time": 0.3121681213378906, "passed": false}, "11": {"execution_time": 0.6223447322845459, "passed": false}}}, "check_style_score": "0/1"}