{"version": "1", "message": "ERROR: Hidden Testcases server unreachable.", "problem_id": "ads2_m6_a1_1", "user_id": "ChaitanyaPuritipati", "score": {"sample": {"0": {"execution_time": 0.19448113441467285, "passed": false}, "1": {"execution_time": 0.24728655815124512, "passed": false}, "2": {"execution_time": 0.25631284713745117, "passed": false}, "3": {"execution_time": 0.3311140537261963, "passed": false}, "4": {"execution_time": 0.2642934322357178, "passed": false}, "5": {"execution_time": 0.3001980781555176, "passed": false}, "6": {"execution_time": 0.28228044509887695, "passed": false}, "7": {"execution_time": 0.2672865390777588, "passed": false}, "8": {"execution_time": 0.19348359107971191, "passed": false}, "9": {"execution_time": 0.33510494232177734, "passed": false}, "10": {"execution_time": 0.29421353340148926, "passed": false}, "11": {"execution_time": 0.2483382225036621, "passed": false}}}, "check_style_score": "0/1"}