{"version": "1", "message": "ERROR: Hidden Testcases server unreachable.", "problem_id": "ads2_m6_a1_1", "user_id": "ChaitanyaPuritipati", "score": {"sample": {"0": {"execution_time": 0.33310556411743164, "passed": false}, "1": {"execution_time": 0.3071784973144531, "passed": false}, "2": {"execution_time": 0.3251321315765381, "passed": false}, "3": {"execution_time": 0.4228706359863281, "passed": false}, "4": {"execution_time": 0.3235204219818115, "passed": false}, "5": {"execution_time": 0.3550529479980469, "passed": false}, "6": {"execution_time": 0.31222105026245117, "passed": false}, "7": {"execution_time": 0.29321908950805664, "passed": false}, "8": {"execution_time": 0.36402249336242676, "passed": false}, "9": {"execution_time": 0.36470460891723633, "passed": false}, "10": {"execution_time": 0.2483358383178711, "passed": false}, "11": {"execution_time": 0.4946434497833252, "passed": false}}}, "check_style_score": "0/1"}