{"version": "1", "message": "ERROR: Hidden Testcases server unreachable.", "problem_id": "ads2_m6_a1_1", "user_id": "ChaitanyaPuritipati", "score": {"sample": {"0": {"execution_time": 0.20245671272277832, "passed": false}, "1": {"execution_time": 0.24973416328430176, "passed": false}, "2": {"execution_time": 0.2184159755706787, "passed": false}, "3": {"execution_time": 0.2543160915374756, "passed": false}, "4": {"execution_time": 0.22837400436401367, "passed": false}, "5": {"execution_time": 0.22739005088806152, "passed": false}, "6": {"execution_time": 0.22339916229248047, "passed": false}, "7": {"execution_time": 0.19946527481079102, "passed": false}, "8": {"execution_time": 0.21447086334228516, "passed": false}, "9": {"execution_time": 0.25731444358825684, "passed": false}, "10": {"execution_time": 0.18853235244750977, "passed": false}, "11": {"execution_time": 0.21735620498657227, "passed": false}}}, "check_style_score": "0/1"}