{"version": "1", "message": "ERROR: Hidden Testcases server unreachable.", "problem_id": "ads2_m6_a1_1", "user_id": "ChaitanyaPuritipati", "score": {"sample": {"0": {"execution_time": 0.4866676330566406, "passed": false}, "1": {"execution_time": 0.26429152488708496, "passed": false}, "2": {"execution_time": 0.25369715690612793, "passed": false}, "3": {"execution_time": 0.2451620101928711, "passed": false}, "4": {"execution_time": 0.18650412559509277, "passed": false}, "5": {"execution_time": 0.19148826599121094, "passed": false}, "6": {"execution_time": 0.2632427215576172, "passed": false}, "7": {"execution_time": 0.1844942569732666, "passed": false}, "8": {"execution_time": 0.27493882179260254, "passed": false}, "9": {"execution_time": 0.21738243103027344, "passed": false}, "10": {"execution_time": 0.256528377532959, "passed": false}, "11": {"execution_time": 0.22654962539672852, "passed": false}}}, "check_style_score": "0/1"}