{"version": "1", "message": "ERROR: Hidden Testcases server unreachable.", "problem_id": "ads2_m16_a1_1", "user_id": "ChaitanyaPuritipati", "score": {"sample": {"0": {"execution_time": 0.221449613571167, "passed": true}, "1": {"execution_time": 0.26628828048706055, "passed": true}, "2": {"execution_time": 0.5375626087188721, "passed": true}, "3": {"execution_time": 0.4866483211517334, "passed": true}, "4": {"execution_time": 0.49173641204833984, "passed": true}, "5": {"execution_time": 0.5040740966796875, "passed": true}, "6": {"execution_time": 0.48678159713745117, "passed": true}, "7": {"execution_time": 0.5744969844818115, "passed": true}, "8": {"execution_time": 0.3331334590911865, "passed": true}, "9": {"execution_time": 0.5186636447906494, "passed": true}, "10": {"execution_time": 0.5236027240753174, "passed": true}, "11": {"execution_time": 3.428837299346924, "passed": true}, "12": {"execution_time": 0.5495312213897705, "passed": true}, "13": {"execution_time": 0.2313823699951172, "passed": true}, "14": {"execution_time": 0.47020387649536133, "passed": true}, "15": {"execution_time": 0.49360013008117676, "passed": true}, "16": {"execution_time": 0.2713479995727539, "passed": true}, "17": {"execution_time": 0.3061823844909668, "passed": true}, "18": {"execution_time": 0.25827980041503906, "passed": true}, "19": {"execution_time": 0.295177698135376, "passed": true}, "20": {"execution_time": 0.32912564277648926, "passed": true}, "21": {"execution_time": 0.29324984550476074, "passed": true}, "22": {"execution_time": 0.2672848701477051, "passed": true}, "23": {"execution_time": 0.2742300033569336, "passed": true}, "24": {"execution_time": 0.19455337524414062, "passed": true}, "25": {"execution_time": 0.5685617923736572, "passed": true}, "26": {"execution_time": 0.5106403827667236, "passed": true}, "27": {"execution_time": 0.6223344802856445, "passed": true}, "28": {"execution_time": 0.7989521026611328, "passed": true}, "29": {"execution_time": 0.2014613151550293, "passed": true}}}, "check_style_score": "0/1"}