{"version": "1", "message": "ERROR: Hidden Testcases server unreachable.", "problem_id": "ads2_m16_a1_1", "user_id": "ChaitanyaPuritipati", "score": {"sample": {"0": {"execution_time": 0.2373659610748291, "passed": true}, "1": {"execution_time": 0.24833941459655762, "passed": true}, "2": {"execution_time": 0.5206127166748047, "passed": true}, "3": {"execution_time": 0.48569822311401367, "passed": true}, "4": {"execution_time": 0.5006499290466309, "passed": true}, "5": {"execution_time": 0.498668909072876, "passed": true}, "6": {"execution_time": 0.4936816692352295, "passed": true}, "7": {"execution_time": 0.48968958854675293, "passed": true}, "8": {"execution_time": 0.4019606113433838, "passed": true}, "9": {"execution_time": 0.47772216796875, "passed": true}, "10": {"execution_time": 0.518646240234375, "passed": true}, "11": {"execution_time": 3.452773332595825, "passed": true}, "12": {"execution_time": 0.4985945224761963, "passed": true}, "13": {"execution_time": 0.2523231506347656, "passed": true}, "14": {"execution_time": 0.5026557445526123, "passed": true}, "15": {"execution_time": 0.5216097831726074, "passed": true}, "16": {"execution_time": 0.29817724227905273, "passed": true}, "17": {"execution_time": 0.25830793380737305, "passed": true}, "18": {"execution_time": 0.25830864906311035, "passed": true}, "19": {"execution_time": 0.29122328758239746, "passed": true}, "20": {"execution_time": 0.30717945098876953, "passed": true}, "21": {"execution_time": 0.2732672691345215, "passed": true}, "22": {"execution_time": 0.2782559394836426, "passed": true}, "23": {"execution_time": 0.2952098846435547, "passed": true}, "24": {"execution_time": 0.22539186477661133, "passed": true}, "25": {"execution_time": 0.5495283603668213, "passed": true}, "26": {"execution_time": 0.47074222564697266, "passed": true}, "27": {"execution_time": 0.6083760261535645, "passed": true}, "28": {"execution_time": 0.881601095199585, "passed": true}, "29": {"execution_time": 0.2273421287536621, "passed": true}}}, "check_style_score": "0/1"}