{"version": "1", "message": "ERROR: Hidden Testcases server unreachable.", "problem_id": "ads2_m16_a1_1", "user_id": "ChaitanyaPuritipati", "score": {"sample": {"0": {"execution_time": 0.7427692413330078, "passed": false}, "1": {"execution_time": 0.5545198917388916, "passed": false}, "2": {"execution_time": 1.2935426235198975, "passed": false}, "3": {"execution_time": 1.2521803379058838, "passed": false}, "4": {"execution_time": 1.2117218971252441, "passed": false}, "5": {"execution_time": 1.3817176818847656, "passed": false}, "6": {"execution_time": 1.2337028980255127, "passed": false}, "7": {"execution_time": 1.03025484085083, "passed": false}, "8": {"execution_time": 0.7978699207305908, "passed": false}, "9": {"execution_time": 1.073129415512085, "passed": false}, "10": {"execution_time": 0.9993224143981934, "passed": false}, "11": {"execution_time": 0.4976692199707031, "passed": false}, "12": {"execution_time": 1.0591769218444824, "passed": false}, "13": {"execution_time": 0.6253273487091064, "passed": false}, "14": {"execution_time": 1.1020512580871582, "passed": false}, "15": {"execution_time": 1.1698801517486572, "passed": false}, "16": {"execution_time": 0.573467493057251, "passed": false}, "17": {"execution_time": 0.7792177200317383, "passed": false}, "18": {"execution_time": 0.5684792995452881, "passed": false}, "19": {"execution_time": 0.771984338760376, "passed": false}, "20": {"execution_time": 0.7730317115783691, "passed": false}, "21": {"execution_time": 0.5335757732391357, "passed": false}, "22": {"execution_time": 0.5654456615447998, "passed": false}, "23": {"execution_time": 0.6976821422576904, "passed": false}, "24": {"execution_time": 0.43687868118286133, "passed": false}, "25": {"execution_time": 1.1330235004425049, "passed": false}, "26": {"execution_time": 1.0511500835418701, "passed": false}, "27": {"execution_time": 1.414217472076416, "passed": false}, "28": {"execution_time": 1.3414623737335205, "passed": false}, "29": {"execution_time": 0.43546366691589355, "passed": false}}}, "check_style_score": "0/1"}