{"version": "1", "message": "ERROR: Hidden Testcases server unreachable.", "problem_id": "ads2_m16_a1_1", "user_id": "ChaitanyaPuritipati", "score": {"sample": {"0": {"execution_time": 0.2463386058807373, "passed": true}, "1": {"execution_time": 0.2433490753173828, "passed": true}, "2": {"execution_time": 0.5026569366455078, "passed": true}, "3": {"execution_time": 0.5255467891693115, "passed": true}, "4": {"execution_time": 0.4787750244140625, "passed": true}, "5": {"execution_time": 0.49074697494506836, "passed": true}, "6": {"execution_time": 0.5066831111907959, "passed": true}, "7": {"execution_time": 0.5235602855682373, "passed": true}, "8": {"execution_time": 0.2842442989349365, "passed": true}, "9": {"execution_time": 0.5046494007110596, "passed": true}, "10": {"execution_time": 0.5196123123168945, "passed": true}, "11": {"execution_time": 3.6143431663513184, "passed": true}, "12": {"execution_time": 0.5196123123168945, "passed": true}, "13": {"execution_time": 0.2094426155090332, "passed": true}, "14": {"execution_time": 0.491685152053833, "passed": true}, "15": {"execution_time": 0.5106461048126221, "passed": true}, "16": {"execution_time": 0.2533247470855713, "passed": true}, "17": {"execution_time": 0.24334955215454102, "passed": true}, "18": {"execution_time": 0.27032470703125, "passed": true}, "19": {"execution_time": 0.2652914524078369, "passed": true}, "20": {"execution_time": 0.3121664524078369, "passed": true}, "21": {"execution_time": 0.256319522857666, "passed": true}, "22": {"execution_time": 0.29421377182006836, "passed": true}, "23": {"execution_time": 0.28023815155029297, "passed": true}, "24": {"execution_time": 0.27226901054382324, "passed": true}, "25": {"execution_time": 0.5935261249542236, "passed": true}, "26": {"execution_time": 0.5096776485443115, "passed": true}, "27": {"execution_time": 0.6193435192108154, "passed": true}, "28": {"execution_time": 0.8238000869750977, "passed": true}, "29": {"execution_time": 0.19747233390808105, "passed": true}}}, "check_style_score": "0/1"}