{"version": "1", "message": "ERROR: Hidden Testcases server unreachable.", "problem_id": "ads2_m16_a1_1", "user_id": "ChaitanyaPuritipati", "score": {"sample": {"0": {"execution_time": 0.9177639484405518, "passed": true}, "1": {"execution_time": 0.2652857303619385, "passed": true}, "2": {"execution_time": 1.8605155944824219, "passed": true}, "3": {"execution_time": 0.8766577243804932, "passed": true}, "4": {"execution_time": 0.722069501876831, "passed": true}, "5": {"execution_time": 0.5395960807800293, "passed": true}, "6": {"execution_time": 0.5575423240661621, "passed": true}, "7": {"execution_time": 0.8178920745849609, "passed": true}, "8": {"execution_time": 0.3281230926513672, "passed": true}, "9": {"execution_time": 0.5107078552246094, "passed": true}, "10": {"execution_time": 0.5245280265808105, "passed": true}, "11": {"execution_time": 3.737015724182129, "passed": true}, "12": {"execution_time": 0.6004104614257812, "passed": true}, "13": {"execution_time": 0.39095401763916016, "passed": true}, "14": {"execution_time": 0.5814478397369385, "passed": true}, "15": {"execution_time": 0.5086400508880615, "passed": true}, "16": {"execution_time": 0.28664207458496094, "passed": true}, "17": {"execution_time": 0.37100791931152344, "passed": true}, "18": {"execution_time": 0.281247615814209, "passed": true}, "19": {"execution_time": 0.27031755447387695, "passed": true}, "20": {"execution_time": 0.32210803031921387, "passed": true}, "21": {"execution_time": 0.5908176898956299, "passed": true}, "22": {"execution_time": 0.2792551517486572, "passed": true}, "23": {"execution_time": 0.28919196128845215, "passed": true}, "24": {"execution_time": 0.4930887222290039, "passed": true}, "25": {"execution_time": 0.5395913124084473, "passed": true}, "26": {"execution_time": 1.3856725692749023, "passed": true}, "27": {"execution_time": 1.0043151378631592, "passed": true}, "28": {"execution_time": 0.9414811134338379, "passed": true}, "29": {"execution_time": 1.282081127166748, "passed": true}}}, "check_style_score": "0/1"}