{"version": "1", "message": "ERROR: Hidden Testcases server unreachable.", "problem_id": "ads2_m16_a1_1", "user_id": "ChaitanyaPuritipati", "score": {"sample": {"0": {"execution_time": 0.23139238357543945, "passed": false}, "1": {"execution_time": 0.2184152603149414, "passed": false}, "2": {"execution_time": 0.5535199642181396, "passed": false}, "3": {"execution_time": 0.4906904697418213, "passed": false}, "4": {"execution_time": 0.46774983406066895, "passed": false}, "5": {"execution_time": 0.48769450187683105, "passed": false}, "6": {"execution_time": 0.47369933128356934, "passed": false}, "7": {"execution_time": 0.4886906147003174, "passed": false}, "8": {"execution_time": 0.2504081726074219, "passed": false}, "9": {"execution_time": 0.4667544364929199, "passed": false}, "10": {"execution_time": 0.49071550369262695, "passed": false}, "11": {"execution_time": 0.18949341773986816, "passed": false}, "12": {"execution_time": 0.5066454410552979, "passed": false}, "13": {"execution_time": 0.2563133239746094, "passed": false}, "14": {"execution_time": 0.48969149589538574, "passed": false}, "15": {"execution_time": 0.46775102615356445, "passed": false}, "16": {"execution_time": 0.24933433532714844, "passed": false}, "17": {"execution_time": 0.2483367919921875, "passed": false}, "18": {"execution_time": 0.255354642868042, "passed": false}, "19": {"execution_time": 0.26828527450561523, "passed": false}, "20": {"execution_time": 0.312117338180542, "passed": false}, "21": {"execution_time": 0.2702791690826416, "passed": false}, "22": {"execution_time": 0.27430176734924316, "passed": false}, "23": {"execution_time": 0.28224730491638184, "passed": false}, "24": {"execution_time": 0.19643831253051758, "passed": false}, "25": {"execution_time": 0.4697449207305908, "passed": false}, "26": {"execution_time": 0.40195560455322266, "passed": false}, "27": {"execution_time": 0.5136685371398926, "passed": false}, "28": {"execution_time": 0.7081007957458496, "passed": false}, "29": {"execution_time": 0.21242928504943848, "passed": false}}}, "check_style_score": "0/1"}