{"version": "1", "message": "ERROR: Hidden Testcases server unreachable.", "problem_id": "ads2_m16_a1_1", "user_id": "ChaitanyaPuritipati", "score": {"sample": {"0": {"execution_time": 0.2672860622406006, "passed": true}, "1": {"execution_time": 0.2682778835296631, "passed": true}, "2": {"execution_time": 0.5136241912841797, "passed": true}, "3": {"execution_time": 0.46475791931152344, "passed": true}, "4": {"execution_time": 1.1088731288909912, "passed": true}, "5": {"execution_time": 0.531580924987793, "passed": true}, "6": {"execution_time": 0.52703857421875, "passed": true}, "7": {"execution_time": 0.53456711769104, "passed": true}, "8": {"execution_time": 0.3232114315032959, "passed": true}, "9": {"execution_time": 0.49567747116088867, "passed": true}, "10": {"execution_time": 0.47476673126220703, "passed": true}, "11": {"execution_time": 3.5076277256011963, "passed": true}, "12": {"execution_time": 0.5086922645568848, "passed": true}, "13": {"execution_time": 0.22934317588806152, "passed": true}, "14": {"execution_time": 0.5275816917419434, "passed": true}, "15": {"execution_time": 0.5874307155609131, "passed": true}, "16": {"execution_time": 0.2752678394317627, "passed": true}, "17": {"execution_time": 0.24538040161132812, "passed": true}, "18": {"execution_time": 0.2493295669555664, "passed": true}, "19": {"execution_time": 0.2633039951324463, "passed": true}, "20": {"execution_time": 0.33705735206604004, "passed": true}, "21": {"execution_time": 0.2483675479888916, "passed": true}, "22": {"execution_time": 0.23729252815246582, "passed": true}, "23": {"execution_time": 0.27721214294433594, "passed": true}, "24": {"execution_time": 0.2014632225036621, "passed": true}, "25": {"execution_time": 0.5724637508392334, "passed": true}, "26": {"execution_time": 0.4966716766357422, "passed": true}, "27": {"execution_time": 0.5804443359375, "passed": true}, "28": {"execution_time": 0.8008596897125244, "passed": true}, "29": {"execution_time": 0.19942831993103027, "passed": true}}}, "check_style_score": "0/1"}