{"version": "1", "message": "ERROR: Hidden Testcases server unreachable.", "problem_id": "ads2_m16_a1_1", "user_id": "ChaitanyaPuritipati", "score": {"sample": {"0": {"execution_time": 0.24235248565673828, "passed": false}, "1": {"execution_time": 0.2743105888366699, "passed": false}, "2": {"execution_time": 0.49863553047180176, "passed": false}, "3": {"execution_time": 0.5156595706939697, "passed": false}, "4": {"execution_time": 0.48865652084350586, "passed": false}, "5": {"execution_time": 0.5226020812988281, "passed": false}, "6": {"execution_time": 0.48868274688720703, "passed": false}, "7": {"execution_time": 0.5086426734924316, "passed": false}, "8": {"execution_time": 0.28623461723327637, "passed": false}, "9": {"execution_time": 0.5236268043518066, "passed": false}, "10": {"execution_time": 0.5156099796295166, "passed": false}, "11": {"execution_time": 0.19351863861083984, "passed": false}, "12": {"execution_time": 0.5066468715667725, "passed": false}, "13": {"execution_time": 0.21941304206848145, "passed": true}, "14": {"execution_time": 0.48470592498779297, "passed": false}, "15": {"execution_time": 0.4897017478942871, "passed": false}, "16": {"execution_time": 0.27725648880004883, "passed": false}, "17": {"execution_time": 0.27921175956726074, "passed": false}, "18": {"execution_time": 0.273270845413208, "passed": false}, "19": {"execution_time": 0.2613039016723633, "passed": false}, "20": {"execution_time": 0.2812511920928955, "passed": false}, "21": {"execution_time": 0.2632565498352051, "passed": false}, "22": {"execution_time": 0.3031892776489258, "passed": false}, "23": {"execution_time": 0.30518102645874023, "passed": false}, "24": {"execution_time": 0.2184135913848877, "passed": true}, "25": {"execution_time": 0.5395562648773193, "passed": false}, "26": {"execution_time": 0.39594459533691406, "passed": false}, "27": {"execution_time": 0.5196099281311035, "passed": false}, "28": {"execution_time": 0.7509996891021729, "passed": false}, "29": {"execution_time": 0.21941137313842773, "passed": false}}}, "check_style_score": "0/1"}