{"version": "1", "message": "ERROR: Hidden Testcases server unreachable.", "problem_id": "ads2_m16_a1_1", "user_id": "ChaitanyaPuritipati", "score": {"sample": {"0": {"execution_time": 0.6263298988342285, "passed": false}, "1": {"execution_time": 0.5803980827331543, "passed": false}, "2": {"execution_time": 1.1968035697937012, "passed": false}, "3": {"execution_time": 0.9773905277252197, "passed": false}, "4": {"execution_time": 1.3065025806427002, "passed": false}, "5": {"execution_time": 1.1459872722625732, "passed": false}, "6": {"execution_time": 1.2755966186523438, "passed": false}, "7": {"execution_time": 0.9464719295501709, "passed": false}, "8": {"execution_time": 0.7290477752685547, "passed": false}, "9": {"execution_time": 0.9564480781555176, "passed": false}, "10": {"execution_time": 1.0824925899505615, "passed": false}, "11": {"execution_time": 0.42586183547973633, "passed": false}, "12": {"execution_time": 1.073148488998413, "passed": false}, "13": {"execution_time": 0.4936790466308594, "passed": false}, "14": {"execution_time": 1.0762841701507568, "passed": false}, "15": {"execution_time": 1.1958098411560059, "passed": false}, "16": {"execution_time": 0.8451282978057861, "passed": false}, "17": {"execution_time": 0.9564440250396729, "passed": false}, "18": {"execution_time": 0.589531660079956, "passed": false}, "19": {"execution_time": 0.5587689876556396, "passed": false}, "20": {"execution_time": 0.6741983890533447, "passed": false}, "21": {"execution_time": 0.6462647914886475, "passed": false}, "22": {"execution_time": 0.8046190738677979, "passed": false}, "23": {"execution_time": 0.8327615261077881, "passed": false}, "24": {"execution_time": 0.35308384895324707, "passed": false}, "25": {"execution_time": 1.2226781845092773, "passed": false}, "26": {"execution_time": 1.1275839805603027, "passed": false}, "27": {"execution_time": 1.3642642498016357, "passed": false}, "28": {"execution_time": 1.613689661026001, "passed": false}, "29": {"execution_time": 0.41788291931152344, "passed": false}}}, "check_style_score": "0/1"}