{"version": "1", "message": "ERROR: Hidden Testcases server unreachable.", "problem_id": "ads2_m16_a1_1", "user_id": "ChaitanyaPuritipati", "score": {"sample": {"0": {"execution_time": 0.2353372573852539, "passed": false}, "1": {"execution_time": 0.2503330707550049, "passed": false}, "2": {"execution_time": 0.4827868938446045, "passed": false}, "3": {"execution_time": 0.5186126232147217, "passed": false}, "4": {"execution_time": 0.5575051307678223, "passed": false}, "5": {"execution_time": 0.5156185626983643, "passed": false}, "6": {"execution_time": 0.49770522117614746, "passed": false}, "7": {"execution_time": 0.5066466331481934, "passed": false}, "8": {"execution_time": 0.28020739555358887, "passed": false}, "9": {"execution_time": 0.509554386138916, "passed": false}, "10": {"execution_time": 0.5306036472320557, "passed": false}, "11": {"execution_time": 0.2014627456665039, "passed": false}, "12": {"execution_time": 0.4967052936553955, "passed": false}, "13": {"execution_time": 0.21634936332702637, "passed": true}, "14": {"execution_time": 0.5764930248260498, "passed": false}, "15": {"execution_time": 0.5255630016326904, "passed": false}, "16": {"execution_time": 0.2756950855255127, "passed": false}, "17": {"execution_time": 0.32413315773010254, "passed": false}, "18": {"execution_time": 0.27024388313293457, "passed": false}, "19": {"execution_time": 0.3420877456665039, "passed": false}, "20": {"execution_time": 0.26629066467285156, "passed": false}, "21": {"execution_time": 0.45378708839416504, "passed": false}, "22": {"execution_time": 0.34107398986816406, "passed": false}, "23": {"execution_time": 0.3530542850494385, "passed": false}, "24": {"execution_time": 0.2533242702484131, "passed": true}, "25": {"execution_time": 0.6043863296508789, "passed": false}, "26": {"execution_time": 0.45079708099365234, "passed": false}, "27": {"execution_time": 0.5306186676025391, "passed": false}, "28": {"execution_time": 0.6971347332000732, "passed": false}, "29": {"execution_time": 0.21741652488708496, "passed": false}}}, "check_style_score": "0/1"}