{"version": "1", "message": "ERROR: Hidden Testcases server unreachable.", "problem_id": "ads2_m16_a1_1", "user_id": "ChaitanyaPuritipati", "score": {"sample": {"0": {"execution_time": 0.2573106288909912, "passed": true}, "1": {"execution_time": 0.23936223983764648, "passed": true}, "2": {"execution_time": 0.496673583984375, "passed": true}, "3": {"execution_time": 0.48669981956481934, "passed": true}, "4": {"execution_time": 0.5156223773956299, "passed": true}, "5": {"execution_time": 0.5036864280700684, "passed": true}, "6": {"execution_time": 0.5405571460723877, "passed": true}, "7": {"execution_time": 0.5186042785644531, "passed": true}, "8": {"execution_time": 0.33609795570373535, "passed": true}, "9": {"execution_time": 0.5136377811431885, "passed": true}, "10": {"execution_time": 0.4747471809387207, "passed": true}, "11": {"execution_time": 3.532557964324951, "passed": true}, "12": {"execution_time": 0.510587215423584, "passed": true}, "13": {"execution_time": 0.20744752883911133, "passed": true}, "14": {"execution_time": 0.5106685161590576, "passed": true}, "15": {"execution_time": 0.48171257972717285, "passed": true}, "16": {"execution_time": 0.28428006172180176, "passed": true}, "17": {"execution_time": 0.2842419147491455, "passed": true}, "18": {"execution_time": 0.3091731071472168, "passed": true}, "19": {"execution_time": 0.29122138023376465, "passed": true}, "20": {"execution_time": 0.34807705879211426, "passed": true}, "21": {"execution_time": 0.299274206161499, "passed": true}, "22": {"execution_time": 0.25235843658447266, "passed": true}, "23": {"execution_time": 1.185060739517212, "passed": true}, "24": {"execution_time": 0.20943522453308105, "passed": true}, "25": {"execution_time": 0.6402897834777832, "passed": true}, "26": {"execution_time": 0.5325753688812256, "passed": true}, "27": {"execution_time": 0.559464693069458, "passed": true}, "28": {"execution_time": 0.8347680568695068, "passed": true}, "29": {"execution_time": 0.20850610733032227, "passed": true}}}, "check_style_score": "0/1"}