{"version": "1", "message": "ERROR: Hidden Testcases server unreachable.", "problem_id": "ads2_m16_a1_1", "user_id": "ChaitanyaPuritipati", "score": {"sample": {"0": {"execution_time": 0.29118967056274414, "passed": true}, "1": {"execution_time": 0.22746682167053223, "passed": true}, "2": {"execution_time": 0.5066068172454834, "passed": true}, "3": {"execution_time": 0.5655338764190674, "passed": true}, "4": {"execution_time": 0.479719877243042, "passed": true}, "5": {"execution_time": 0.526594877243042, "passed": true}, "6": {"execution_time": 0.5185744762420654, "passed": true}, "7": {"execution_time": 0.5016603469848633, "passed": true}, "8": {"execution_time": 0.2872347831726074, "passed": true}, "9": {"execution_time": 0.4997379779815674, "passed": true}, "10": {"execution_time": 0.530580997467041, "passed": true}, "11": {"execution_time": 3.3879494667053223, "passed": true}, "12": {"execution_time": 0.5315382480621338, "passed": true}, "13": {"execution_time": 0.2064497470855713, "passed": true}, "14": {"execution_time": 0.49068689346313477, "passed": true}, "15": {"execution_time": 0.5206019878387451, "passed": true}, "16": {"execution_time": 0.3031766414642334, "passed": true}, "17": {"execution_time": 0.24637770652770996, "passed": true}, "18": {"execution_time": 0.27426576614379883, "passed": true}, "19": {"execution_time": 0.3002498149871826, "passed": true}, "20": {"execution_time": 0.388960599899292, "passed": true}, "21": {"execution_time": 0.3281402587890625, "passed": true}, "22": {"execution_time": 0.26522016525268555, "passed": true}, "23": {"execution_time": 0.29620862007141113, "passed": true}, "24": {"execution_time": 0.1984710693359375, "passed": true}, "25": {"execution_time": 0.5505633354187012, "passed": true}, "26": {"execution_time": 0.5165846347808838, "passed": true}, "27": {"execution_time": 0.5445830821990967, "passed": true}, "28": {"execution_time": 0.8676819801330566, "passed": true}, "29": {"execution_time": 0.1895124912261963, "passed": true}}}, "check_style_score": "0/1"}