{"version": "1", "message": "ERROR: Hidden Testcases server unreachable.", "problem_id": "ads2_m16_a1_1", "user_id": "ChaitanyaPuritipati", "score": {"sample": {"0": {"execution_time": 0.2672872543334961, "passed": true}, "1": {"execution_time": 0.2304553985595703, "passed": true}, "2": {"execution_time": 0.5405523777008057, "passed": true}, "3": {"execution_time": 0.5087077617645264, "passed": true}, "4": {"execution_time": 0.5555160045623779, "passed": true}, "5": {"execution_time": 0.5256748199462891, "passed": true}, "6": {"execution_time": 0.5585076808929443, "passed": true}, "7": {"execution_time": 0.5336275100708008, "passed": true}, "8": {"execution_time": 0.3321106433868408, "passed": true}, "9": {"execution_time": 0.5126588344573975, "passed": true}, "10": {"execution_time": 0.48171257972717285, "passed": true}, "11": {"execution_time": 3.4528450965881348, "passed": true}, "12": {"execution_time": 0.5335714817047119, "passed": true}, "13": {"execution_time": 0.22942042350769043, "passed": true}, "14": {"execution_time": 0.4936792850494385, "passed": true}, "15": {"execution_time": 0.5126185417175293, "passed": true}, "16": {"execution_time": 0.26828527450561523, "passed": true}, "17": {"execution_time": 0.26628661155700684, "passed": true}, "18": {"execution_time": 0.2433485984802246, "passed": true}, "19": {"execution_time": 0.27330684661865234, "passed": true}, "20": {"execution_time": 0.32613110542297363, "passed": true}, "21": {"execution_time": 0.2483377456665039, "passed": true}, "22": {"execution_time": 0.2702810764312744, "passed": true}, "23": {"execution_time": 0.2952117919921875, "passed": true}, "24": {"execution_time": 0.20844030380249023, "passed": true}, "25": {"execution_time": 0.5654511451721191, "passed": true}, "26": {"execution_time": 0.5016894340515137, "passed": true}, "27": {"execution_time": 0.5974342823028564, "passed": true}, "28": {"execution_time": 0.8496816158294678, "passed": true}, "29": {"execution_time": 0.24442315101623535, "passed": true}}}, "check_style_score": "0/1"}