{"version": "1", "message": "ERROR: Hidden Testcases server unreachable.", "problem_id": "ads2_m16_a1_1", "user_id": "ChaitanyaPuritipati", "score": {"sample": {"0": {"execution_time": 0.4677252769470215, "passed": false}, "1": {"execution_time": 0.3011434078216553, "passed": false}, "2": {"execution_time": 0.400928258895874, "passed": false}, "3": {"execution_time": 0.4378325939178467, "passed": false}, "4": {"execution_time": 0.4804823398590088, "passed": false}, "5": {"execution_time": 0.3957028388977051, "passed": false}, "6": {"execution_time": 0.46181797981262207, "passed": false}, "7": {"execution_time": 0.4205284118652344, "passed": false}, "8": {"execution_time": 0.40720033645629883, "passed": false}, "9": {"execution_time": 0.49068474769592285, "passed": false}, "10": {"execution_time": 0.4607701301574707, "passed": false}, "11": {"execution_time": 0.2074451446533203, "passed": false}, "12": {"execution_time": 0.6282491683959961, "passed": false}, "13": {"execution_time": 0.25232625007629395, "passed": true}, "14": {"execution_time": 0.47174072265625, "passed": false}, "15": {"execution_time": 0.48510003089904785, "passed": false}, "16": {"execution_time": 0.42386865615844727, "passed": false}, "17": {"execution_time": 0.34108972549438477, "passed": false}, "18": {"execution_time": 0.31655454635620117, "passed": false}, "19": {"execution_time": 0.33107686042785645, "passed": false}, "20": {"execution_time": 0.2952108383178711, "passed": false}, "21": {"execution_time": 0.2842528820037842, "passed": false}, "22": {"execution_time": 0.32728123664855957, "passed": false}, "23": {"execution_time": 0.3361046314239502, "passed": false}, "24": {"execution_time": 0.3347756862640381, "passed": true}, "25": {"execution_time": 0.4681987762451172, "passed": false}, "26": {"execution_time": 0.4316534996032715, "passed": false}, "27": {"execution_time": 0.37699437141418457, "passed": false}, "28": {"execution_time": 0.7379498481750488, "passed": false}, "29": {"execution_time": 0.6063783168792725, "passed": false}}}, "check_style_score": "0/1"}