{"version": "1", "message": "ERROR: Hidden Testcases server unreachable.", "problem_id": "ads2_m16_a1_1", "user_id": "ChaitanyaPuritipati", "score": {"sample": {"0": {"execution_time": 0.31731462478637695, "passed": true}, "1": {"execution_time": 0.39998316764831543, "passed": true}, "2": {"execution_time": 0.6073720455169678, "passed": true}, "3": {"execution_time": 0.5336108207702637, "passed": true}, "4": {"execution_time": 0.6013970375061035, "passed": true}, "5": {"execution_time": 0.594414472579956, "passed": true}, "6": {"execution_time": 0.6995241641998291, "passed": true}, "7": {"execution_time": 0.5985369682312012, "passed": true}, "8": {"execution_time": 0.5695011615753174, "passed": true}, "9": {"execution_time": 0.5906968116760254, "passed": true}, "10": {"execution_time": 1.0232620239257812, "passed": true}, "11": {"execution_time": 7.7103962898254395, "passed": true}, "12": {"execution_time": 1.1367650032043457, "passed": true}, "13": {"execution_time": 0.43184661865234375, "passed": true}, "14": {"execution_time": 1.112182378768921, "passed": true}, "15": {"execution_time": 1.1078245639801025, "passed": true}, "16": {"execution_time": 0.556513786315918, "passed": true}, "17": {"execution_time": 0.6139483451843262, "passed": true}, "18": {"execution_time": 0.5664899349212646, "passed": true}, "19": {"execution_time": 0.586432933807373, "passed": true}, "20": {"execution_time": 0.6935544013977051, "passed": true}, "21": {"execution_time": 0.5694444179534912, "passed": true}, "22": {"execution_time": 0.5684247016906738, "passed": true}, "23": {"execution_time": 0.6445808410644531, "passed": true}, "24": {"execution_time": 0.4906883239746094, "passed": true}, "25": {"execution_time": 1.2251396179199219, "passed": true}, "26": {"execution_time": 0.9836695194244385, "passed": true}, "27": {"execution_time": 1.2117681503295898, "passed": true}, "28": {"execution_time": 1.7054777145385742, "passed": true}, "29": {"execution_time": 0.4358351230621338, "passed": true}}}, "check_style_score": "0/1"}