{"version": "1", "message": "ERROR: Hidden Testcases server unreachable.", "problem_id": "ads2_m16_a1_1", "user_id": "ChaitanyaPuritipati", "score": {"sample": {"0": {"execution_time": 0.27226972579956055, "passed": false}, "1": {"execution_time": 0.23138427734375, "passed": false}, "2": {"execution_time": 0.4846994876861572, "passed": false}, "3": {"execution_time": 0.4837074279785156, "passed": false}, "4": {"execution_time": 0.5275864601135254, "passed": false}, "5": {"execution_time": 0.5126276016235352, "passed": false}, "6": {"execution_time": 0.48670029640197754, "passed": false}, "7": {"execution_time": 0.5006580352783203, "passed": false}, "8": {"execution_time": 0.2892265319824219, "passed": false}, "9": {"execution_time": 0.5136239528656006, "passed": false}, "10": {"execution_time": 0.5156188011169434, "passed": false}, "11": {"execution_time": 0.18550586700439453, "passed": false}, "12": {"execution_time": 0.5196132659912109, "passed": false}, "13": {"execution_time": 0.21047449111938477, "passed": false}, "14": {"execution_time": 0.4916870594024658, "passed": false}, "15": {"execution_time": 0.5106368064880371, "passed": false}, "16": {"execution_time": 0.28523802757263184, "passed": false}, "17": {"execution_time": 0.2622969150543213, "passed": false}, "18": {"execution_time": 0.26130247116088867, "passed": false}, "19": {"execution_time": 0.265333890914917, "passed": false}, "20": {"execution_time": 0.2873854637145996, "passed": false}, "21": {"execution_time": 0.264296293258667, "passed": false}, "22": {"execution_time": 0.2982046604156494, "passed": false}, "23": {"execution_time": 0.26629114151000977, "passed": false}, "24": {"execution_time": 0.2234025001525879, "passed": false}, "25": {"execution_time": 0.5156209468841553, "passed": false}, "26": {"execution_time": 0.3949437141418457, "passed": false}, "27": {"execution_time": 0.5056512355804443, "passed": false}, "28": {"execution_time": 0.8028557300567627, "passed": false}, "29": {"execution_time": 0.23840594291687012, "passed": false}}}, "check_style_score": "0/1"}