{"version": "1", "message": "ERROR: Hidden Testcases server unreachable.", "problem_id": "ads2_m16_a1_1", "user_id": "ChaitanyaPuritipati", "score": {"sample": {"0": {"execution_time": 0.6562469005584717, "passed": false}, "1": {"execution_time": 0.6614227294921875, "passed": false}, "2": {"execution_time": 1.2656173706054688, "passed": false}, "3": {"execution_time": 1.1160194873809814, "passed": false}, "4": {"execution_time": 1.0043144226074219, "passed": false}, "5": {"execution_time": 1.0443744659423828, "passed": false}, "6": {"execution_time": 0.9604341983795166, "passed": false}, "7": {"execution_time": 1.0808730125427246, "passed": false}, "8": {"execution_time": 0.5974090099334717, "passed": false}, "9": {"execution_time": 1.1090655326843262, "passed": false}, "10": {"execution_time": 0.9815332889556885, "passed": false}, "11": {"execution_time": 0.5446896553039551, "passed": false}, "12": {"execution_time": 1.196850299835205, "passed": false}, "13": {"execution_time": 0.46871209144592285, "passed": false}, "14": {"execution_time": 1.1700589656829834, "passed": false}, "15": {"execution_time": 0.9520716667175293, "passed": false}, "16": {"execution_time": 0.6991031169891357, "passed": false}, "17": {"execution_time": 0.6452949047088623, "passed": false}, "18": {"execution_time": 0.7160744667053223, "passed": false}, "19": {"execution_time": 0.6251327991485596, "passed": false}, "20": {"execution_time": 0.5465354919433594, "passed": false}, "21": {"execution_time": 0.5774614810943604, "passed": false}, "22": {"execution_time": 0.5964095592498779, "passed": false}, "23": {"execution_time": 0.6969361305236816, "passed": false}, "24": {"execution_time": 0.599923849105835, "passed": false}, "25": {"execution_time": 1.0571744441986084, "passed": false}, "26": {"execution_time": 1.0523185729980469, "passed": false}, "27": {"execution_time": 1.0981292724609375, "passed": false}, "28": {"execution_time": 1.6160640716552734, "passed": false}, "29": {"execution_time": 0.4830033779144287, "passed": false}}}, "check_style_score": "0/1"}