{"version": "1", "message": "ERROR: Hidden Testcases server unreachable.", "problem_id": "ads2_m16_a1_1", "user_id": "ChaitanyaPuritipati", "score": {"sample": {"0": {"execution_time": 0.24235224723815918, "passed": true}, "1": {"execution_time": 0.24933600425720215, "passed": true}, "2": {"execution_time": 0.5036544799804688, "passed": true}, "3": {"execution_time": 0.5146236419677734, "passed": true}, "4": {"execution_time": 0.5245985984802246, "passed": true}, "5": {"execution_time": 0.5993962287902832, "passed": true}, "6": {"execution_time": 0.6183505058288574, "passed": true}, "7": {"execution_time": 0.6293148994445801, "passed": true}, "8": {"execution_time": 0.3450770378112793, "passed": true}, "9": {"execution_time": 0.6183493137359619, "passed": true}, "10": {"execution_time": 0.6253261566162109, "passed": true}, "11": {"execution_time": 4.072120189666748, "passed": true}, "12": {"execution_time": 0.6393263339996338, "passed": true}, "13": {"execution_time": 0.33211326599121094, "passed": true}, "14": {"execution_time": 0.6402873992919922, "passed": true}, "15": {"execution_time": 0.6133601665496826, "passed": true}, "16": {"execution_time": 0.34308290481567383, "passed": true}, "17": {"execution_time": 0.34607553482055664, "passed": true}, "18": {"execution_time": 0.317169189453125, "passed": true}, "19": {"execution_time": 0.3420844078063965, "passed": true}, "20": {"execution_time": 0.3859708309173584, "passed": true}, "21": {"execution_time": 0.3281242847442627, "passed": true}, "22": {"execution_time": 0.3181874752044678, "passed": true}, "23": {"execution_time": 0.3281230926513672, "passed": true}, "24": {"execution_time": 0.24733948707580566, "passed": true}, "25": {"execution_time": 0.8327760696411133, "passed": true}, "26": {"execution_time": 0.6183476448059082, "passed": true}, "27": {"execution_time": 0.7101027965545654, "passed": true}, "28": {"execution_time": 1.0023207664489746, "passed": true}, "29": {"execution_time": 0.2982022762298584, "passed": true}}}, "check_style_score": "0/1"}