{"version": "1", "message": "ERROR: Hidden Testcases server unreachable.", "problem_id": "ads2_m16_a1_1", "user_id": "ChaitanyaPuritipati", "score": {"sample": {"0": {"execution_time": 0.23138070106506348, "passed": false}, "1": {"execution_time": 0.25232720375061035, "passed": false}, "2": {"execution_time": 0.5105879306793213, "passed": false}, "3": {"execution_time": 0.4767587184906006, "passed": false}, "4": {"execution_time": 0.4846158027648926, "passed": false}, "5": {"execution_time": 0.47074127197265625, "passed": false}, "6": {"execution_time": 0.49268507957458496, "passed": false}, "7": {"execution_time": 0.4886965751647949, "passed": false}, "8": {"execution_time": 0.32708096504211426, "passed": false}, "9": {"execution_time": 0.5355708599090576, "passed": false}, "10": {"execution_time": 0.5385587215423584, "passed": false}, "11": {"execution_time": 0.20342469215393066, "passed": false}, "12": {"execution_time": 0.5335714817047119, "passed": false}, "13": {"execution_time": 0.26026225090026855, "passed": true}, "14": {"execution_time": 0.5395102500915527, "passed": false}, "15": {"execution_time": 0.5515329837799072, "passed": false}, "16": {"execution_time": 0.29720115661621094, "passed": false}, "17": {"execution_time": 0.29624128341674805, "passed": false}, "18": {"execution_time": 0.2922203540802002, "passed": false}, "19": {"execution_time": 0.3291208744049072, "passed": false}, "20": {"execution_time": 0.29619383811950684, "passed": false}, "21": {"execution_time": 0.3291187286376953, "passed": false}, "22": {"execution_time": 0.29418230056762695, "passed": false}, "23": {"execution_time": 0.30322265625, "passed": false}, "24": {"execution_time": 0.2253561019897461, "passed": true}, "25": {"execution_time": 0.5595066547393799, "passed": false}, "26": {"execution_time": 0.4318089485168457, "passed": false}, "27": {"execution_time": 0.5395185947418213, "passed": false}, "28": {"execution_time": 0.6911201477050781, "passed": false}, "29": {"execution_time": 0.24737048149108887, "passed": false}}}, "check_style_score": "0/1"}