{"version": "1", "message": "ERROR: Hidden Testcases server unreachable.", "problem_id": "ads2_m16_a1_1", "user_id": "ChaitanyaPuritipati", "score": {"sample": {"0": {"execution_time": 0.6153554916381836, "passed": false}, "1": {"execution_time": 0.7398560047149658, "passed": false}, "2": {"execution_time": 1.0242929458618164, "passed": false}, "3": {"execution_time": 1.0556845664978027, "passed": false}, "4": {"execution_time": 0.9564497470855713, "passed": false}, "5": {"execution_time": 0.9973046779632568, "passed": false}, "6": {"execution_time": 1.107004165649414, "passed": false}, "7": {"execution_time": 0.9683775901794434, "passed": false}, "8": {"execution_time": 0.8776504993438721, "passed": false}, "9": {"execution_time": 1.0133020877838135, "passed": false}, "10": {"execution_time": 0.9652197360992432, "passed": false}, "11": {"execution_time": 0.5494856834411621, "passed": false}, "12": {"execution_time": 1.0203206539154053, "passed": false}, "13": {"execution_time": 0.4996664524078369, "passed": false}, "14": {"execution_time": 1.0073130130767822, "passed": false}, "15": {"execution_time": 1.139909267425537, "passed": false}, "16": {"execution_time": 0.783897876739502, "passed": false}, "17": {"execution_time": 0.7779135704040527, "passed": false}, "18": {"execution_time": 0.7559814453125, "passed": false}, "19": {"execution_time": 0.7760348320007324, "passed": false}, "20": {"execution_time": 0.6137022972106934, "passed": false}, "21": {"execution_time": 0.7818715572357178, "passed": false}, "22": {"execution_time": 0.760948657989502, "passed": false}, "23": {"execution_time": 0.7585573196411133, "passed": false}, "24": {"execution_time": 0.6353089809417725, "passed": false}, "25": {"execution_time": 0.967357873916626, "passed": false}, "26": {"execution_time": 0.7540388107299805, "passed": false}, "27": {"execution_time": 1.4291787147521973, "passed": false}, "28": {"execution_time": 1.5091347694396973, "passed": false}, "29": {"execution_time": 0.43427300453186035, "passed": false}}}, "check_style_score": "0/1"}