{"version": "1", "message": "ERROR: Hidden Testcases server unreachable.", "problem_id": "ads2_m16_a1_1", "user_id": "ChaitanyaPuritipati", "score": {"sample": {"0": {"execution_time": 0.23038387298583984, "passed": true}, "1": {"execution_time": 0.24035882949829102, "passed": true}, "2": {"execution_time": 0.5116698741912842, "passed": true}, "3": {"execution_time": 0.5006592273712158, "passed": true}, "4": {"execution_time": 0.5445456504821777, "passed": true}, "5": {"execution_time": 0.4996669292449951, "passed": true}, "6": {"execution_time": 0.5315775871276855, "passed": true}, "7": {"execution_time": 0.5226023197174072, "passed": true}, "8": {"execution_time": 0.29122376441955566, "passed": true}, "9": {"execution_time": 0.49461817741394043, "passed": true}, "10": {"execution_time": 0.49375486373901367, "passed": true}, "11": {"execution_time": 3.4298243522644043, "passed": true}, "12": {"execution_time": 0.5056459903717041, "passed": true}, "13": {"execution_time": 0.2154250144958496, "passed": true}, "14": {"execution_time": 0.587432861328125, "passed": true}, "15": {"execution_time": 0.4946248531341553, "passed": true}, "16": {"execution_time": 0.4398963451385498, "passed": true}, "17": {"execution_time": 0.24440479278564453, "passed": true}, "18": {"execution_time": 0.29624128341674805, "passed": true}, "19": {"execution_time": 0.2902247905731201, "passed": true}, "20": {"execution_time": 0.39295005798339844, "passed": true}, "21": {"execution_time": 0.24829983711242676, "passed": true}, "22": {"execution_time": 0.2762312889099121, "passed": true}, "23": {"execution_time": 0.26233673095703125, "passed": true}, "24": {"execution_time": 0.2008962631225586, "passed": true}, "25": {"execution_time": 0.53360915184021, "passed": true}, "26": {"execution_time": 0.48470568656921387, "passed": true}, "27": {"execution_time": 0.530580997467041, "passed": true}, "28": {"execution_time": 0.8188118934631348, "passed": true}, "29": {"execution_time": 0.27823781967163086, "passed": true}}}, "check_style_score": "0/1"}