{"version": "1", "message": "ERROR: Hidden Testcases server unreachable.", "problem_id": "ads2_m16_a1_1", "user_id": "ChaitanyaPuritipati", "score": {"sample": {"0": {"execution_time": 0.24634122848510742, "passed": true}, "1": {"execution_time": 0.3470752239227295, "passed": true}, "2": {"execution_time": 0.8597447872161865, "passed": true}, "3": {"execution_time": 0.6043879985809326, "passed": true}, "4": {"execution_time": 0.506680965423584, "passed": true}, "5": {"execution_time": 0.5505285263061523, "passed": true}, "6": {"execution_time": 0.5285859107971191, "passed": true}, "7": {"execution_time": 0.5026092529296875, "passed": true}, "8": {"execution_time": 0.29121851921081543, "passed": true}, "9": {"execution_time": 0.4667527675628662, "passed": true}, "10": {"execution_time": 0.4906883239746094, "passed": true}, "11": {"execution_time": 3.4527745246887207, "passed": true}, "12": {"execution_time": 0.5036144256591797, "passed": true}, "13": {"execution_time": 0.2174217700958252, "passed": true}, "14": {"execution_time": 0.8317809104919434, "passed": true}, "15": {"execution_time": 0.4807910919189453, "passed": true}, "16": {"execution_time": 0.2702789306640625, "passed": true}, "17": {"execution_time": 0.25232362747192383, "passed": true}, "18": {"execution_time": 0.2662792205810547, "passed": true}, "19": {"execution_time": 0.3066377639770508, "passed": true}, "20": {"execution_time": 0.31017065048217773, "passed": true}, "21": {"execution_time": 0.2892637252807617, "passed": true}, "22": {"execution_time": 0.24434709548950195, "passed": true}, "23": {"execution_time": 0.29520583152770996, "passed": true}, "24": {"execution_time": 0.19551515579223633, "passed": true}, "25": {"execution_time": 0.5744626522064209, "passed": true}, "26": {"execution_time": 0.5515644550323486, "passed": true}, "27": {"execution_time": 0.5933568477630615, "passed": true}, "28": {"execution_time": 0.8218023777008057, "passed": true}, "29": {"execution_time": 1.8949003219604492, "passed": false}}}, "check_style_score": "0/1"}