{"version": "1", "message": "ERROR: Hidden Testcases server unreachable.", "problem_id": "ads2_m16_a1_1", "user_id": "ChaitanyaPuritipati", "score": {"sample": {"0": {"execution_time": 0.22539639472961426, "passed": true}, "1": {"execution_time": 0.2742931842803955, "passed": true}, "2": {"execution_time": 0.6921513080596924, "passed": true}, "3": {"execution_time": 0.5345704555511475, "passed": true}, "4": {"execution_time": 0.6233348846435547, "passed": true}, "5": {"execution_time": 0.5086357593536377, "passed": true}, "6": {"execution_time": 0.502657413482666, "passed": true}, "7": {"execution_time": 0.5644919872283936, "passed": true}, "8": {"execution_time": 0.3001995086669922, "passed": true}, "9": {"execution_time": 0.47911524772644043, "passed": true}, "10": {"execution_time": 0.7539858818054199, "passed": true}, "11": {"execution_time": 3.7469894886016846, "passed": true}, "12": {"execution_time": 0.4967072010040283, "passed": true}, "13": {"execution_time": 0.2094414234161377, "passed": true}, "14": {"execution_time": 0.5255496501922607, "passed": true}, "15": {"execution_time": 0.5220425128936768, "passed": true}, "16": {"execution_time": 0.24534392356872559, "passed": true}, "17": {"execution_time": 0.2603023052215576, "passed": true}, "18": {"execution_time": 0.25232768058776855, "passed": true}, "19": {"execution_time": 0.28025197982788086, "passed": true}, "20": {"execution_time": 0.32114195823669434, "passed": true}, "21": {"execution_time": 0.26372838020324707, "passed": true}, "22": {"execution_time": 0.24538540840148926, "passed": true}, "23": {"execution_time": 0.29631519317626953, "passed": true}, "24": {"execution_time": 0.21944642066955566, "passed": true}, "25": {"execution_time": 0.6013891696929932, "passed": true}, "26": {"execution_time": 0.547534704208374, "passed": true}, "27": {"execution_time": 0.5994369983673096, "passed": true}, "28": {"execution_time": 0.8357665538787842, "passed": true}, "29": {"execution_time": 0.22537612915039062, "passed": true}}}, "check_style_score": "0/1"}