{"version": "1", "message": "ERROR: Hidden Testcases server unreachable.", "problem_id": "ads2_m16_a1_1", "user_id": "ChaitanyaPuritipati", "score": {"sample": {"0": {"execution_time": 0.7071194648742676, "passed": false}, "1": {"execution_time": 0.5983972549438477, "passed": false}, "2": {"execution_time": 1.063807725906372, "passed": false}, "3": {"execution_time": 1.005378246307373, "passed": false}, "4": {"execution_time": 0.8887052536010742, "passed": false}, "5": {"execution_time": 0.9554500579833984, "passed": false}, "6": {"execution_time": 1.0551865100860596, "passed": false}, "7": {"execution_time": 1.014296293258667, "passed": false}, "8": {"execution_time": 0.6791892051696777, "passed": false}, "9": {"execution_time": 1.0741322040557861, "passed": false}, "10": {"execution_time": 0.9693140983581543, "passed": false}, "11": {"execution_time": 0.5744669437408447, "passed": false}, "12": {"execution_time": 1.1100656986236572, "passed": false}, "13": {"execution_time": 0.6483283042907715, "passed": false}, "14": {"execution_time": 0.9953434467315674, "passed": false}, "15": {"execution_time": 0.9095730781555176, "passed": false}, "16": {"execution_time": 0.6211352348327637, "passed": false}, "17": {"execution_time": 0.67757248878479, "passed": false}, "18": {"execution_time": 0.6353044509887695, "passed": false}, "19": {"execution_time": 0.5226061344146729, "passed": false}, "20": {"execution_time": 0.5285882949829102, "passed": false}, "21": {"execution_time": 0.5878691673278809, "passed": false}, "22": {"execution_time": 0.7041659355163574, "passed": false}, "23": {"execution_time": 0.620342493057251, "passed": false}, "24": {"execution_time": 0.5844032764434814, "passed": false}, "25": {"execution_time": 1.1638903617858887, "passed": false}, "26": {"execution_time": 0.7619786262512207, "passed": false}, "27": {"execution_time": 1.0472044944763184, "passed": false}, "28": {"execution_time": 1.3872909545898438, "passed": false}, "29": {"execution_time": 0.5804476737976074, "passed": false}}}, "check_style_score": "0/1"}