{"version": "1", "message": "ERROR: Hidden Testcases server unreachable.", "problem_id": "ads2_m4_a1_1", "user_id": "ChaitanyaPuritipati", "score": {"sample": {"0": {"execution_time": 0.1845872402191162, "passed": false}, "1": {"execution_time": 0.17656517028808594, "passed": false}, "2": {"execution_time": 0.19747018814086914, "passed": false}, "3": {"execution_time": 0.21039748191833496, "passed": false}, "4": {"execution_time": 0.16215109825134277, "passed": false}, "5": {"execution_time": 0.19746971130371094, "passed": false}, "6": {"execution_time": 0.16069245338439941, "passed": false}, "7": {"execution_time": 0.16156816482543945, "passed": false}, "8": {"execution_time": 0.15793967247009277, "passed": false}, "9": {"execution_time": 0.1639409065246582, "passed": false}, "10": {"execution_time": 0.16755056381225586, "passed": false}, "11": {"execution_time": 0.16164088249206543, "passed": false}, "12": {"execution_time": 0.1655433177947998, "passed": false}, "13": {"execution_time": 0.4373660087585449, "passed": false}, "14": {"execution_time": 0.16260862350463867, "passed": false}}}, "check_style_score": "0/1"}