{"version": "1", "message": "ERROR: Hidden Testcases server unreachable.", "problem_id": "ads2_m4_a1_1", "user_id": "ChaitanyaPuritipati", "score": {"sample": {"0": {"execution_time": 0.22583675384521484, "passed": true}, "1": {"execution_time": 0.1856703758239746, "passed": false}, "2": {"execution_time": 0.1935563087463379, "passed": false}, "3": {"execution_time": 0.19889545440673828, "passed": false}, "4": {"execution_time": 0.16911053657531738, "passed": false}, "5": {"execution_time": 0.15857625007629395, "passed": false}, "6": {"execution_time": 0.18393874168395996, "passed": false}, "7": {"execution_time": 0.19055962562561035, "passed": false}, "8": {"execution_time": 0.18870830535888672, "passed": false}, "9": {"execution_time": 0.1949779987335205, "passed": false}, "10": {"execution_time": 0.2263948917388916, "passed": false}, "11": {"execution_time": 0.21624469757080078, "passed": false}, "12": {"execution_time": 0.15692543983459473, "passed": false}, "13": {"execution_time": 0.4712221622467041, "passed": false}, "14": {"execution_time": 0.19049072265625, "passed": false}}}, "check_style_score": "0/1"}