{"version": "1", "message": "ERROR: Hidden Testcases server unreachable.", "problem_id": "ads2_m4_a1_1", "user_id": "ChaitanyaPuritipati", "score": {"sample": {"0": {"execution_time": 0.19065308570861816, "passed": true}, "1": {"execution_time": 0.19926857948303223, "passed": false}, "2": {"execution_time": 0.1914980411529541, "passed": false}, "3": {"execution_time": 0.20363402366638184, "passed": false}, "4": {"execution_time": 0.19547629356384277, "passed": false}, "5": {"execution_time": 0.16913199424743652, "passed": false}, "6": {"execution_time": 0.1616506576538086, "passed": false}, "7": {"execution_time": 0.18251299858093262, "passed": false}, "8": {"execution_time": 0.18746137619018555, "passed": true}, "9": {"execution_time": 0.2294468879699707, "passed": false}, "10": {"execution_time": 0.19135093688964844, "passed": false}, "11": {"execution_time": 0.17553329467773438, "passed": false}, "12": {"execution_time": 0.1705491542816162, "passed": false}, "13": {"execution_time": 0.48578929901123047, "passed": false}, "14": {"execution_time": 0.19752764701843262, "passed": false}}}, "check_style_score": "0/1"}