{"version": "1", "message": "ERROR: Hidden Testcases server unreachable.", "problem_id": "ads2_m4_a1_1", "user_id": "ChaitanyaPuritipati", "score": {"sample": {"0": {"execution_time": 1.214606523513794, "passed": false}, "1": {"execution_time": 0.18657755851745605, "passed": false}, "2": {"execution_time": 0.23237824440002441, "passed": false}, "3": {"execution_time": 0.25831079483032227, "passed": false}, "4": {"execution_time": 0.17604351043701172, "passed": false}, "5": {"execution_time": 0.15952014923095703, "passed": false}, "6": {"execution_time": 0.16057038307189941, "passed": false}, "7": {"execution_time": 0.2269115447998047, "passed": false}, "8": {"execution_time": 0.18096375465393066, "passed": false}, "9": {"execution_time": 0.16057157516479492, "passed": false}, "10": {"execution_time": 0.16361784934997559, "passed": false}, "11": {"execution_time": 0.16156792640686035, "passed": false}, "12": {"execution_time": 0.15658068656921387, "passed": false}, "13": {"execution_time": 0.6038386821746826, "passed": false}, "14": {"execution_time": 0.16956806182861328, "passed": false}}}, "check_style_score": "0/1"}