{"version": "1", "message": "ERROR: Hidden Testcases server unreachable.", "problem_id": "ads2_m4_a1_1", "user_id": "ChaitanyaPuritipati", "score": {"sample": {"0": {"execution_time": 0.43613362312316895, "passed": true}, "1": {"execution_time": 0.5422091484069824, "passed": false}, "2": {"execution_time": 0.21839284896850586, "passed": false}, "3": {"execution_time": 0.2294633388519287, "passed": false}, "4": {"execution_time": 0.16747617721557617, "passed": false}, "5": {"execution_time": 0.1625652313232422, "passed": false}, "6": {"execution_time": 0.16755127906799316, "passed": false}, "7": {"execution_time": 0.19253826141357422, "passed": false}, "8": {"execution_time": 0.19743943214416504, "passed": true}, "9": {"execution_time": 0.19947171211242676, "passed": false}, "10": {"execution_time": 0.1972062587738037, "passed": false}, "11": {"execution_time": 0.16390275955200195, "passed": false}, "12": {"execution_time": 0.16381239891052246, "passed": false}, "13": {"execution_time": 0.6876218318939209, "passed": false}, "14": {"execution_time": 0.19248557090759277, "passed": false}}}, "check_style_score": "0/1"}