{"version": "1", "message": "ERROR: Hidden Testcases server unreachable.", "problem_id": "ads2_m4_a1_1", "user_id": "ChaitanyaPuritipati", "score": {"sample": {"0": {"execution_time": 0.5316846370697021, "passed": true}, "1": {"execution_time": 0.2749748229980469, "passed": false}, "2": {"execution_time": 0.3496079444885254, "passed": false}, "3": {"execution_time": 0.3571298122406006, "passed": false}, "4": {"execution_time": 0.23788070678710938, "passed": false}, "5": {"execution_time": 0.18691182136535645, "passed": false}, "6": {"execution_time": 0.21599245071411133, "passed": false}, "7": {"execution_time": 0.2249603271484375, "passed": false}, "8": {"execution_time": 0.28644347190856934, "passed": true}, "9": {"execution_time": 0.27350831031799316, "passed": false}, "10": {"execution_time": 0.241560697555542, "passed": false}, "11": {"execution_time": 0.2223341464996338, "passed": false}, "12": {"execution_time": 0.33525943756103516, "passed": false}, "13": {"execution_time": 0.9600362777709961, "passed": false}, "14": {"execution_time": 0.39525485038757324, "passed": false}}}, "check_style_score": "0/1"}